arquivo,n,fs_hz,t0_s,t1_s,dur_s,canal_estimulo,obs,marcadores_s,estimulo_pp_V,estimulo_n_no_max,estimulo_n_no_min,outro_pp_V,outro_n_no_max,outro_n_no_min,ceifa,outro_pp_mV_terminais,estimulo_repouso_V,periodo_laco_s,amostra_de_s,amostra_ate_s,estimulo_rms_amostra_V,estimulo_rms_zona_morta_V,estimulo_snr_dB,outro_rms_amostra_V,outro_rms_zona_morta_V,outro_snr_dB,outro_rms_amostra_mV_terminais,outro_rms_zona_morta_mV_terminais
scope_0.csv,2000,370.4,-2.7,2.697,5.397,nao identificado,nenhum canal repousa num patamar de DAC - o estimulo nao estava sendo medido,,0.1583,1,11,5.2613,1,1,sim,35.0753,,,,,,,,,,,,
scope_1.csv,2000,370.4,-2.7,2.697,5.397,nao identificado,nenhum canal repousa num patamar de DAC - o estimulo nao estava sendo medido,,0.1608,1,13,4.3819,1,1,sim,29.2127,,,,,,,,,,,,
scope_4.csv,2000,312.5,0.15,6.547,6.397,nao identificado,nenhum canal repousa num patamar de DAC - o estimulo nao estava sendo medido,,0.0205,1,1,2.7312,1,1,nao,18.208,,,,,,,,,,,,
scope_5.csv,2000,200.0,-4.98,5.015,9.995,ch2,,,2.1997,1,31,10.2111,1,2,sim,68.074,1.4928,,,,,,,,,,,
scope_6.csv,989,200.0,-4.98,-0.04,4.94,ch2,,,2.3116,1,17,3.4799,1,1,sim,23.1993,1.5732,,,,,,,,,,,
scope_7.csv,1577,200.0,-4.98,2.9,7.88,ch2,,,2.3241,1,29,3.6633,1,1,sim,24.422,1.5732,,,,,,,,,,,
scope_8.csv,2000,200.0,1.5,11.495,9.995,ch2,,2.860;10.360,2.1822,1,3,3.8191,1,1,nao,25.4607,1.6134,7.5,4.66,8.66,0.21119,0.00818,28.23,0.24565,0.0388,16.03,1.6377,0.2587
scope_9.csv,1795,200.0,1.5,10.47,8.97,ch2,,8.195,2.2111,1,1,2.0075,1,1,nao,13.3833,1.6134,,9.995,13.995,,,,,,,,
scope_10.csv,62,200.0,1.5,1.805,0.305,ch2,,,0.0402,2,2,0.1206,2,2,nao,0.804,1.6134,,,,,,,,,,,
scope_11.csv,1970,200.0,1.5,11.345,9.845,ch2,,,2.3216,1,3,2.4095,1,1,nao,16.0633,1.6134,,,,,,,,,,,
scope_12.csv,1755,200.0,1.5,10.27,8.77,ch2,,1.700;9.200,2.2726,1,3,2.6533,1,1,nao,17.6887,1.6134,7.5,3.5,7.5,0.21637,0.00944,27.2,0.22649,0.03377,16.53,1.5099,0.2251
scope_13.csv,1787,200.0,1.5,10.43,8.93,ch2,,,2.3116,1,3,2.6734,1,1,nao,17.8227,1.6134,,,,,,,,,,,
scope_14.csv,2000,200.0,1.5,11.495,9.995,ch2,,6.015,2.3128,1,5,4.098,1,1,nao,27.32,1.6134,,7.815,11.815,,,,,,,,
scope_15.csv,1442,200.0,1.5,8.705,7.205,ch2,,8.085,2.3317,1,2,3.1332,1,1,nao,20.888,1.6134,,9.885,13.885,,,,,,,,
scope_16.csv,1390,200.0,1.5,8.445,6.945,ch2,,7.500,2.3128,1,3,2.9899,1,1,nao,19.9327,1.5129,,9.3,13.3,,,,,,,,
scope_17.csv,5,,,,,,captura truncada (5 pontos),,,,,,,,,,,,,,,,,,,,,
scope_18.csv,1919,200.0,1.5,11.09,9.59,ch2,,2.715,2.3028,1,5,4.1181,1,1,nao,27.454,1.6034,,4.515,8.515,0.21335,0.02793,17.66,0.22207,0.03783,15.37,1.4805,0.2522
scope_19.csv,1693,200.0,1.5,9.96,8.46,ch2,,2.225,2.3719,2,3,8.1357,1,1,nao,54.238,1.5933,,4.025,8.025,0.22856,0.1828,1.94,0.39799,0.23301,4.65,2.6533,1.5534
scope_20.csv,2000,200.0,1.5,11.495,9.995,ch2,,5.505,2.3706,1,3,7.0503,1,1,nao,47.002,1.5933,,7.305,11.305,,,,,,,,
scope_21.csv,1059,200.0,1.5,6.79,5.29,ch2,,,2.1508,1,1,5.5452,1,1,nao,36.968,1.5933,,,,,,,,,,,
scope_22.csv,1164,200.0,1.5,7.315,5.815,ch2,,,2.1093,1,1,5.2638,1,1,nao,35.092,1.5933,,,,,,,,,,,
scope_23.csv,1074,200.0,1.5,6.865,5.365,ch2,,,2.1206,1,1,3.3744,1,1,nao,22.496,1.5933,,,,,,,,,,,
scope_24.csv,1400,200.0,1.5,8.495,6.995,ch2,,,2.1219,1,1,3.6131,1,1,nao,24.0873,1.5933,,,,,,,,,,,
scope_25.csv,2000,200.0,1.5,11.495,9.995,ch2,,6.135,2.3618,1,5,3.5377,1,1,nao,23.5847,1.5933,,7.935,11.935,,,,,,,,
scope_26.csv,1057,200.0,1.5,6.78,5.28,ch2,,,2.2714,1,1,1.7462,1,1,nao,11.6413,1.5933,,,,,,,,,,,
scope_27.csv,1874,200.0,1.5,10.865,9.365,ch2,,10.170,2.3518,1,7,4.2186,1,1,sim,28.124,1.5933,,11.97,15.97,,,,,,,,
scope_28.csv,1771,200.0,1.5,10.35,8.85,ch2,,1.515;9.015,2.3518,2,6,3.2965,2,1,sim,21.9767,1.5933,7.5,3.315,7.315,0.22064,0.0069,30.1,0.22589,0.03164,17.07,1.5059,0.2109
scope_29.csv,1819,200.0,1.5,10.59,9.09,ch2,,,2.3317,1,3,2.49,1,1,nao,16.6,1.6134,,,,,,,,,,,
scope_30.csv,1536,200.0,1.5,9.175,7.675,ch2,,8.370,2.3128,1,6,2.6106,1,1,sim,17.404,1.6134,,10.17,14.17,,,,,,,,
scope_31.csv,1446,200.0,1.5,8.725,7.225,ch2,,,2.1307,1,1,1.9698,1,1,nao,13.132,1.6134,,,,,,,,,,,
scope_32.csv,1393,200.0,1.5,8.46,6.96,ch2,,7.890,2.392,1,4,2.9347,1,1,nao,19.5647,1.6134,,9.69,13.69,,,,,,,,
scope_33.csv,1111,200.0,1.5,7.05,5.55,ch2,,,1.75,1,1,1.7889,1,1,nao,11.926,1.6134,,,,,,,,,,,
scope_34.csv,1587,200.0,1.5,9.43,7.93,ch2,,8.760,2.0301,1,1,2.9899,1,1,nao,19.9327,1.6134,,10.56,14.56,,,,,,,,
scope_35.csv,1604,200.0,1.5,9.515,8.015,ch2,,8.150,1.8392,1,2,2.3869,1,2,nao,15.9127,1.6134,,9.95,13.95,,,,,,,,
scope_36.csv,1289,200.0,1.5,7.94,6.44,ch2,,7.705,2.3819,3,3,2.995,1,2,nao,19.9667,1.6134,,9.505,13.505,,,,,,,,
scope_37.csv,1382,200.0,1.5,8.405,6.905,ch2,,,2.3015,1,1,1.2839,1,1,nao,8.5593,1.6134,,,,,,,,,,,
