x-axis,1,2
second,Volt,Volt
-4.980000E+00,-30.714E-03,+1.573210E+00
-4.975000E+00,-28.201E-03,+1.573210E+00
-4.970000E+00,-68.402E-03,+1.573210E+00
-4.965000E+00,-103.578E-03,+1.573210E+00
-4.960000E+00,-28.201E-03,+1.575722E+00
-4.955000E+00,-68.402E-03,+1.573210E+00
-4.950000E+00,-108.603E-03,+1.573210E+00
-4.945000E+00,-28.201E-03,+1.553109E+00
-4.940000E+00,-28.201E-03,+1.555622E+00
-4.935000E+00,-91.015E-03,+1.573210E+00
-4.930000E+00,-68.402E-03,+1.573210E+00
-4.925000E+00,+12.000E-03,+1.573210E+00
-4.920000E+00,-68.402E-03,+1.555622E+00
-4.915000E+00,-68.402E-03,+1.561903E+00
-4.910000E+00,-28.201E-03,+1.555622E+00
-4.905000E+00,-28.201E-03,+1.561903E+00
-4.900000E+00,-70.915E-03,+1.573210E+00
-4.895000E+00,-28.201E-03,+1.573210E+00
-4.890000E+00,-23.176E-03,+1.571954E+00
-4.885000E+00,-83.477E-03,+1.573210E+00
-4.880000E+00,-63.377E-03,+1.573210E+00
-4.875000E+00,-3.075E-03,+1.565672E+00
-4.870000E+00,-68.402E-03,+1.592054E+00
-4.865000E+00,-50.814E-03,+1.573210E+00
-4.860000E+00,-28.201E-03,+1.571954E+00
-4.855000E+00,-50.814E-03,+1.573210E+00
-4.850000E+00,-108.603E-03,+1.573210E+00
-4.845000E+00,-28.201E-03,+1.573210E+00
-4.840000E+00,-63.377E-03,+1.573210E+00
-4.835000E+00,-68.402E-03,+1.573210E+00
-4.830000E+00,-30.714E-03,+1.573210E+00
-4.825000E+00,-10.613E-03,+1.573210E+00
-4.820000E+00,-68.402E-03,+1.573210E+00
-4.815000E+00,-108.603E-03,+1.573210E+00
-4.810000E+00,-63.377E-03,+1.555622E+00
-4.805000E+00,-68.402E-03,+1.561903E+00
-4.800000E+00,-70.915E-03,+1.573210E+00
-4.795000E+00,-33.226E-03,+1.573210E+00
-4.790000E+00,-63.377E-03,+1.573210E+00
-4.785000E+00,-108.603E-03,+1.573210E+00
-4.780000E+00,-30.714E-03,+1.573210E+00
-4.775000E+00,-10.613E-03,+1.553109E+00
-4.770000E+00,-68.402E-03,+1.573210E+00
-4.765000E+00,-60.864E-03,+1.582004E+00
-4.760000E+00,-585.990E-03,+2.310647E+00
-4.755000E+00,-292.020E-03,+2.940044E+00
-4.750000E+00,+496.925E-03,+2.443813E+00
-4.745000E+00,+999.437E-03,+1.056878E+00
-4.740000E+00,+223.055E-03,+628.486E-03
-4.735000E+00,-1.284482E+00,+1.520446E+00
-4.730000E+00,-1.028201E+00,+2.940044E+00
-4.725000E+00,+1.192905E+00,+1.379743E+00
-4.720000E+00,+233.106E-03,+628.486E-03
-4.715000E+00,-1.636241E+00,+2.708888E+00
-4.710000E+00,+919.035E-03,+1.527984E+00
-4.705000E+00,+152.704E-03,+698.838E-03
-4.700000E+00,-1.367397E+00,+2.940044E+00
-4.695000E+00,+1.602452E+00,+628.486E-03
-4.690000E+00,-1.663879E+00,+2.624717E+00
-4.685000E+00,+1.429085E+00,+708.888E-03
-4.680000E+00,-1.462874E+00,+2.399843E+00
-4.675000E+00,+1.446673E+00,+731.501E-03
-4.670000E+00,-1.741769E+00,+2.781753E+00
-4.665000E+00,+1.602452E+00,+628.486E-03
-4.660000E+00,-1.327196E+00,+2.825722E+00
-4.655000E+00,+202.955E-03,+1.039290E+00
-4.650000E+00,+911.497E-03,+1.027984E+00
-4.645000E+00,-1.681467E+00,+2.917431E+00
-4.640000E+00,+800.945E-03,+647.331E-03
-4.635000E+00,+1.197930E+00,+844.567E-03
-4.630000E+00,-1.251819E+00,+2.673712E+00
-4.625000E+00,-1.161367E+00,+2.352104E+00
-4.620000E+00,+1.034613E+00,+628.486E-03
-4.615000E+00,+1.509487E+00,+628.486E-03
-4.610000E+00,+27.075E-03,+1.536778E+00
-4.605000E+00,-1.279457E+00,+2.627230E+00
-4.600000E+00,-1.744281E+00,+2.902356E+00
-4.595000E+00,-1.500563E+00,+2.659893E+00
-4.590000E+00,-824.683E-03,+2.182506E+00
-4.585000E+00,-329.709E-03,+1.705119E+00
-4.580000E+00,-15.638E-03,+1.556878E+00
-4.575000E+00,-133.729E-03,+1.545572E+00
-4.570000E+00,-470.412E-03,+1.927481E+00
-4.565000E+00,-621.166E-03,+2.054366E+00
-4.560000E+00,-1.161367E+00,+2.553109E+00
-4.555000E+00,-1.563377E+00,+2.781753E+00
-4.550000E+00,-1.724181E+00,+2.734014E+00
-4.545000E+00,-613.628E-03,+1.901099E+00
-4.540000E+00,+1.333608E+00,+642.305E-03
-4.535000E+00,+1.383859E+00,+698.838E-03
-4.530000E+00,+39.638E-03,+1.741552E+00
-4.525000E+00,-1.651317E+00,+2.829491E+00
-4.520000E+00,+175.317E-03,+1.190044E+00
-4.515000E+00,+1.607477E+00,+628.486E-03
-4.510000E+00,-1.269407E+00,+2.651099E+00
-4.505000E+00,-759.357E-03,+1.917431E+00
-4.500000E+00,+1.662754E+00,+628.486E-03
-4.495000E+00,-1.545789E+00,+2.786778E+00
-4.490000E+00,+1.207980E+00,+678.738E-03
-4.485000E+00,-302.070E-03,+1.957632E+00
-4.480000E+00,-626.191E-03,+1.874717E+00
-4.475000E+00,+177.829E-03,+1.762908E+00
-4.470000E+00,-1.158854E+00,+2.109642E+00
-4.465000E+00,+84.864E-03,+1.906124E+00
-4.460000E+00,-143.779E-03,+1.492808E+00
-4.455000E+00,-623.678E-03,+2.216426E+00
-4.450000E+00,+1.444161E+00,+654.868E-03
-4.445000E+00,-1.603578E+00,+2.553109E+00
-4.440000E+00,+42.151E-03,+1.796828E+00
-4.435000E+00,+637.628E-03,+855.873E-03
-4.430000E+00,-1.503075E+00,+2.424969E+00
-4.425000E+00,-25.688E-03,+1.909893E+00
-4.420000E+00,+1.667779E+00,+628.486E-03
-4.415000E+00,-281.970E-03,+1.223964E+00
-4.410000E+00,-1.407598E+00,+2.338285E+00
-4.405000E+00,-822.171E-03,+2.386024E+00
-4.400000E+00,+489.387E-03,+1.646074E+00
-4.395000E+00,+1.290894E+00,+936.275E-03
-4.390000E+00,+1.640141E+00,+628.486E-03
-4.385000E+00,+640.141E-03,+821.954E-03
-4.380000E+00,-93.528E-03,+1.143562E+00
-4.375000E+00,-131.216E-03,+1.342054E+00
-4.370000E+00,-623.678E-03,+1.269190E+00
-4.365000E+00,-236.744E-03,+1.172456E+00
-4.360000E+00,+87.377E-03,+1.051853E+00
-4.355000E+00,+645.166E-03,+799.341E-03
-4.350000E+00,+1.039638E+00,+661.150E-03
-4.345000E+00,+1.363759E+00,+628.486E-03
-4.340000E+00,+1.431598E+00,+986.527E-03
-4.335000E+00,+386.372E-03,+1.692557E+00
-4.330000E+00,-1.382472E+00,+2.873461E+00
-4.325000E+00,-902.573E-03,+1.945069E+00
-4.320000E+00,+1.192905E+00,+720.195E-03
-4.315000E+00,+1.336121E+00,+1.094567E+00
-4.310000E+00,-1.010613E+00,+2.720195E+00
-4.305000E+00,-613.628E-03,+1.522959E+00
-4.300000E+00,+1.175317E+00,+656.124E-03
-4.295000E+00,-201.568E-03,+2.226476E+00
-4.290000E+00,-1.226693E+00,+1.659893E+00
-4.285000E+00,+1.378834E+00,+1.076979E+00
-4.280000E+00,-1.520663E+00,+2.952607E+00
-4.275000E+00,+906.472E-03,+652.356E-03
-4.270000E+00,-1.327196E+00,+2.830748E+00
-4.265000E+00,-33.226E-03,+1.550597E+00
-4.260000E+00,-28.201E-03,+1.573210E+00
-4.255000E+00,-68.402E-03,+1.585773E+00
-4.250000E+00,-68.402E-03,+1.573210E+00
-4.245000E+00,-38.251E-03,+1.573210E+00
-4.240000E+00,-28.201E-03,+1.555622E+00
-4.235000E+00,-83.477E-03,+1.565672E+00
-4.230000E+00,-30.714E-03,+1.573210E+00
-4.225000E+00,-3.075E-03,+1.573210E+00
-4.220000E+00,-68.402E-03,+1.555622E+00
-4.215000E+00,-91.015E-03,+1.573210E+00
-4.210000E+00,-20.663E-03,+1.573210E+00
-4.205000E+00,-60.864E-03,+1.573210E+00
-4.200000E+00,-30.714E-03,+1.573210E+00
-4.195000E+00,-43.276E-03,+1.573210E+00
-4.190000E+00,-28.201E-03,+1.573210E+00
-4.185000E+00,-68.402E-03,+1.573210E+00
-4.180000E+00,-63.377E-03,+1.573210E+00
-4.175000E+00,-28.201E-03,+1.573210E+00
-4.170000E+00,-68.402E-03,+1.555622E+00
-4.165000E+00,-108.603E-03,+1.565672E+00
-4.160000E+00,-68.402E-03,+1.573210E+00
-4.155000E+00,-60.864E-03,+1.573210E+00
-4.150000E+00,-103.578E-03,+1.555622E+00
-4.145000E+00,-28.201E-03,+1.573210E+00
-4.140000E+00,-28.201E-03,+1.573210E+00
-4.135000E+00,-83.477E-03,+1.565672E+00
-4.130000E+00,-30.714E-03,+1.573210E+00
-4.125000E+00,-60.864E-03,+1.573210E+00
-4.120000E+00,-63.377E-03,+1.573210E+00
-4.115000E+00,-43.276E-03,+1.582004E+00
-4.110000E+00,-18.151E-03,+1.575722E+00
-4.105000E+00,-50.814E-03,+1.573210E+00
-4.100000E+00,-70.915E-03,+1.573210E+00
-4.095000E+00,-50.814E-03,+1.573210E+00
-4.090000E+00,-63.377E-03,+1.573210E+00
-4.085000E+00,-83.477E-03,+1.573210E+00
-4.080000E+00,-30.714E-03,+1.573210E+00
-4.075000E+00,-50.814E-03,+1.573210E+00
-4.070000E+00,-30.714E-03,+1.573210E+00
-4.065000E+00,-101.065E-03,+1.561903E+00
-4.060000E+00,-28.201E-03,+1.573210E+00
-4.055000E+00,-43.276E-03,+1.573210E+00
-4.050000E+00,-68.402E-03,+1.571954E+00
-4.045000E+00,-3.075E-03,+1.573210E+00
-4.040000E+00,-30.714E-03,+1.573210E+00
-4.035000E+00,-68.402E-03,+1.573210E+00
-4.030000E+00,-68.402E-03,+1.573210E+00
-4.025000E+00,-3.075E-03,+1.561903E+00
-4.020000E+00,-70.915E-03,+1.573210E+00
-4.015000E+00,-68.402E-03,+1.565672E+00
-4.010000E+00,+9.487E-03,+1.573210E+00
-4.005000E+00,-68.402E-03,+1.565672E+00
-4.000000E+00,-103.578E-03,+1.573210E+00
-3.995000E+00,+39.638E-03,+1.573210E+00
-3.990000E+00,-63.377E-03,+1.573210E+00
-3.985000E+00,-68.402E-03,+1.573210E+00
-3.980000E+00,-63.377E-03,+1.573210E+00
-3.975000E+00,-28.201E-03,+1.573210E+00
-3.970000E+00,-68.402E-03,+1.573210E+00
-3.965000E+00,-68.402E-03,+1.561903E+00
-3.960000E+00,-28.201E-03,+1.573210E+00
-3.955000E+00,-68.402E-03,+1.573210E+00
-3.950000E+00,+6.975E-03,+1.573210E+00
-3.945000E+00,-50.814E-03,+1.565672E+00
-3.940000E+00,-63.377E-03,+1.573210E+00
-3.935000E+00,-83.477E-03,+1.573210E+00
-3.930000E+00,-28.201E-03,+1.573210E+00
-3.925000E+00,-3.075E-03,+1.573210E+00
-3.920000E+00,-68.402E-03,+1.575722E+00
-3.915000E+00,-68.402E-03,+1.573210E+00
-3.910000E+00,-30.714E-03,+1.555622E+00
-3.905000E+00,-68.402E-03,+1.573210E+00
-3.900000E+00,-68.402E-03,+1.573210E+00
-3.895000E+00,-28.201E-03,+1.561903E+00
-3.890000E+00,-30.714E-03,+1.555622E+00
-3.885000E+00,-83.477E-03,+1.573210E+00
-3.880000E+00,-63.377E-03,+1.573210E+00
-3.875000E+00,-28.201E-03,+1.565672E+00
-3.870000E+00,-68.402E-03,+1.573210E+00
-3.865000E+00,-68.402E-03,+1.561903E+00
-3.860000E+00,-28.201E-03,+1.573210E+00
-3.855000E+00,-43.276E-03,+1.573210E+00
-3.850000E+00,-70.915E-03,+1.573210E+00
-3.845000E+00,-43.276E-03,+1.576979E+00
-3.840000E+00,-63.377E-03,+1.571954E+00
-3.835000E+00,-68.402E-03,+1.573210E+00
-3.830000E+00,-30.714E-03,+1.555622E+00
-3.825000E+00,-28.201E-03,+1.573210E+00
-3.820000E+00,-108.603E-03,+1.573210E+00
-3.815000E+00,-68.402E-03,+1.573210E+00
-3.810000E+00,+47.176E-03,+1.573210E+00
-3.805000E+00,-113.628E-03,+1.573210E+00
-3.800000E+00,-33.226E-03,+1.555622E+00
-3.795000E+00,-28.201E-03,+1.570697E+00
-3.790000E+00,-63.377E-03,+1.592054E+00
-3.785000E+00,-68.402E-03,+1.585773E+00
-3.780000E+00,-28.201E-03,+1.555622E+00
-3.775000E+00,-20.663E-03,+1.573210E+00
-3.770000E+00,-70.915E-03,+1.573210E+00
-3.765000E+00,-50.814E-03,+1.573210E+00
-3.760000E+00,+9.487E-03,+1.512908E+00
-3.755000E+00,-28.201E-03,+1.445069E+00
-3.750000E+00,-189.005E-03,+1.551853E+00
-3.745000E+00,-108.603E-03,+1.653612E+00
-3.740000E+00,-30.714E-03,+1.713913E+00
-3.735000E+00,-68.402E-03,+1.734014E+00
-3.730000E+00,+127.578E-03,+1.637280E+00
-3.725000E+00,-43.276E-03,+1.686275E+00
-3.720000E+00,-68.402E-03,+1.612155E+00
-3.715000E+00,-50.814E-03,+1.593310E+00
-3.710000E+00,-20.663E-03,+1.612155E+00
-3.705000E+00,-68.402E-03,+1.605873E+00
-3.700000E+00,-28.201E-03,+1.492808E+00
-3.695000E+00,-43.276E-03,+1.472707E+00
-3.690000E+00,+9.487E-03,+1.472707E+00
-3.685000E+00,-163.879E-03,+1.533009E+00
-3.680000E+00,-101.065E-03,+1.551853E+00
-3.675000E+00,-28.201E-03,+1.512908E+00
-3.670000E+00,-68.402E-03,+1.533009E+00
-3.665000E+00,-68.402E-03,+1.561903E+00
-3.660000E+00,-30.714E-03,+1.593310E+00
-3.655000E+00,-68.402E-03,+1.622205E+00
-3.650000E+00,-68.402E-03,+1.593310E+00
-3.645000E+00,+12.000E-03,+1.573210E+00
-3.640000E+00,-30.714E-03,+1.555622E+00
-3.635000E+00,-43.276E-03,+1.585773E+00
-3.630000E+00,-30.714E-03,+1.573210E+00
-3.625000E+00,+17.025E-03,+1.565672E+00
-3.620000E+00,-70.915E-03,+1.613411E+00
-3.615000E+00,-332.221E-03,+1.903612E+00
-3.610000E+00,+44.663E-03,+1.796828E+00
-3.605000E+00,+338.633E-03,+1.063160E+00
-3.600000E+00,-623.678E-03,+1.734014E+00
-3.595000E+00,-43.276E-03,+1.648587E+00
-3.590000E+00,+135.116E-03,+1.548084E+00
-3.585000E+00,+115.015E-03,+1.352104E+00
-3.580000E+00,-425.186E-03,+1.852104E+00
-3.575000E+00,-73.427E-03,+1.798084E+00
-3.570000E+00,+416.523E-03,+868.436E-03
-3.565000E+00,-560.864E-03,+1.898587E+00
-3.560000E+00,+127.578E-03,+1.512908E+00
-3.555000E+00,-131.216E-03,+1.633511E+00
-3.550000E+00,+12.000E-03,+1.573210E+00
-3.545000E+00,-108.603E-03,+1.561903E+00
-3.540000E+00,-63.377E-03,+1.535521E+00
-3.535000E+00,-83.477E-03,+1.533009E+00
-3.530000E+00,-28.201E-03,+1.533009E+00
-3.525000E+00,+27.075E-03,+1.553109E+00
-3.520000E+00,-108.603E-03,+1.593310E+00
-3.515000E+00,-55.839E-03,+1.648587E+00
-3.510000E+00,-103.578E-03,+1.632255E+00
-3.505000E+00,-123.678E-03,+1.686275E+00
-3.500000E+00,+4.462E-03,+1.717682E+00
-3.495000E+00,-297.045E-03,+1.780496E+00
-3.490000E+00,+52.201E-03,+1.311903E+00
-3.485000E+00,+52.201E-03,+1.465170E+00
-3.480000E+00,+125.065E-03,+1.319441E+00
-3.475000E+00,-324.683E-03,+1.445069E+00
-3.470000E+00,-435.236E-03,+1.912406E+00
-3.465000E+00,-55.839E-03,+1.981501E+00
-3.460000E+00,+609.990E-03,+1.035521E+00
-3.455000E+00,-726.693E-03,+1.820697E+00
-3.450000E+00,-68.402E-03,+1.691300E+00
-3.445000E+00,-15.638E-03,+1.769190E+00
-3.440000E+00,-58.352E-03,+1.367180E+00
-3.435000E+00,-676.442E-03,+2.276727E+00
-3.430000E+00,+446.673E-03,+1.495320E+00
-3.425000E+00,+22.050E-03,+1.034265E+00
-3.420000E+00,-513.126E-03,+1.672456E+00
-3.415000E+00,-91.015E-03,+1.633511E+00
-3.410000E+00,+14.513E-03,+1.653612E+00
-3.405000E+00,-3.075E-03,+1.646074E+00
-3.400000E+00,-28.201E-03,+1.593310E+00
-3.395000E+00,-68.402E-03,+1.625974E+00
-3.390000E+00,-28.201E-03,+1.593310E+00
-3.385000E+00,-43.276E-03,+1.565672E+00
-3.380000E+00,-28.201E-03,+1.571954E+00
-3.375000E+00,-91.015E-03,+1.625974E+00
-3.370000E+00,-30.714E-03,+1.575722E+00
-3.365000E+00,-68.402E-03,+1.605873E+00
-3.360000E+00,+17.025E-03,+1.515421E+00
-3.355000E+00,-50.814E-03,+1.492808E+00
-3.350000E+00,-103.578E-03,+1.472707E+00
-3.345000E+00,-68.402E-03,+1.525471E+00
-3.340000E+00,-63.377E-03,+1.533009E+00
-3.335000E+00,-113.628E-03,+1.505371E+00
-3.330000E+00,-28.201E-03,+1.512908E+00
-3.325000E+00,-68.402E-03,+1.593310E+00
-3.320000E+00,-103.578E-03,+1.592054E+00
-3.315000E+00,+79.839E-03,+1.633511E+00
-3.310000E+00,-60.864E-03,+1.652356E+00
-3.305000E+00,-256.844E-03,+2.104617E+00
-3.300000E+00,+647.678E-03,+958.888E-03
-3.295000E+00,-631.216E-03,+1.521702E+00
-3.290000E+00,-191.518E-03,+1.713913E+00
-3.285000E+00,+22.050E-03,+1.333260E+00
-3.280000E+00,+9.487E-03,+1.595823E+00
-3.275000E+00,-33.226E-03,+1.794315E+00
-3.270000E+00,+165.266E-03,+1.595823E+00
-3.265000E+00,-28.201E-03,+1.585773E+00
-3.260000E+00,-68.402E-03,+1.612155E+00
-3.255000E+00,+34.613E-03,+1.445069E+00
-3.250000E+00,+94.915E-03,+1.191300E+00
-3.245000E+00,-314.633E-03,+1.686275E+00
-3.240000E+00,+87.377E-03,+1.438788E+00
-3.235000E+00,-229.206E-03,+1.492808E+00
-3.230000E+00,-33.226E-03,+1.676225E+00
-3.225000E+00,-28.201E-03,+1.642305E+00
-3.220000E+00,-28.201E-03,+1.576979E+00
-3.215000E+00,-83.477E-03,+1.582004E+00
-3.210000E+00,-33.226E-03,+1.593310E+00
-3.205000E+00,-10.613E-03,+1.533009E+00
-3.200000E+00,-151.317E-03,+1.636024E+00
-3.195000E+00,+12.000E-03,+1.573210E+00
-3.190000E+00,-108.603E-03,+1.593310E+00
-3.185000E+00,-123.678E-03,+1.593310E+00
-3.180000E+00,-63.377E-03,+1.593310E+00
-3.175000E+00,+52.201E-03,+1.452607E+00
-3.170000E+00,-178.955E-03,+1.471451E+00
-3.165000E+00,-10.613E-03,+1.588285E+00
-3.160000E+00,+248.181E-03,+1.149843E+00
-3.155000E+00,-400.060E-03,+2.113411E+00
-3.150000E+00,-101.065E-03,+1.854617E+00
-3.145000E+00,+235.618E-03,+1.432506E+00
-3.140000E+00,+700.442E-03,+628.486E-03
-3.135000E+00,-475.437E-03,+2.176225E+00
-3.130000E+00,+697.930E-03,+1.311903E+00
-3.125000E+00,+333.608E-03,+893.562E-03
-3.120000E+00,-437.749E-03,+1.780496E+00
-3.115000E+00,-189.005E-03,+1.742808E+00
-3.110000E+00,+416.523E-03,+1.374717E+00
-3.105000E+00,-480.462E-03,+1.786778E+00
-3.100000E+00,+44.663E-03,+1.783009E+00
-3.095000E+00,+373.809E-03,+1.168687E+00
-3.090000E+00,-349.809E-03,+1.275471E+00
-3.085000E+00,-824.683E-03,+1.970195E+00
-3.080000E+00,+132.603E-03,+1.676225E+00
-3.075000E+00,+92.402E-03,+1.617180E+00
-3.070000E+00,+12.000E-03,+1.535521E+00
-3.065000E+00,-50.814E-03,+1.605873E+00
-3.060000E+00,-30.714E-03,+1.575722E+00
-3.055000E+00,-28.201E-03,+1.472707E+00
-3.050000E+00,-189.005E-03,+1.533009E+00
-3.045000E+00,+27.075E-03,+1.533009E+00
-3.040000E+00,-111.116E-03,+1.632255E+00
-3.035000E+00,-43.276E-03,+1.501602E+00
-3.030000E+00,-224.181E-03,+1.691300E+00
-3.025000E+00,-148.804E-03,+1.740295E+00
-3.020000E+00,-30.714E-03,+1.736526E+00
-3.015000E+00,+172.804E-03,+1.392305E+00
-3.010000E+00,-111.116E-03,+1.553109E+00
-3.005000E+00,-153.829E-03,+1.541803E+00
-3.000000E+00,-68.402E-03,+1.491552E+00
-2.995000E+00,+12.000E-03,+1.573210E+00
-2.990000E+00,-55.839E-03,+1.592054E+00
-2.985000E+00,+240.643E-03,+1.306878E+00
-2.980000E+00,+240.643E-03,+1.460145E+00
-2.975000E+00,-136.241E-03,+1.711401E+00
-2.970000E+00,-422.673E-03,+1.769190E+00
-2.965000E+00,+245.668E-03,+1.548084E+00
-2.960000E+00,+248.181E-03,+1.054366E+00
-2.955000E+00,-646.291E-03,+2.061903E+00
-2.950000E+00,+253.206E-03,+1.553109E+00
-2.945000E+00,-68.402E-03,+1.516677E+00
-2.940000E+00,-151.317E-03,+1.712657E+00
-2.935000E+00,-324.683E-03,+1.751602E+00
-2.930000E+00,-133.729E-03,+1.584516E+00
-2.925000E+00,-43.276E-03,+1.467682E+00
-2.920000E+00,-28.201E-03,+1.515421E+00
-2.915000E+00,-189.005E-03,+1.639793E+00
-2.910000E+00,+207.980E-03,+1.456376E+00
-2.905000E+00,-101.065E-03,+1.367180E+00
-2.900000E+00,-63.377E-03,+1.431250E+00
-2.895000E+00,-349.809E-03,+1.978989E+00
-2.890000E+00,-101.065E-03,+1.770446E+00
-2.885000E+00,+107.477E-03,+1.677481E+00
-2.880000E+00,+47.176E-03,+1.575722E+00
-2.875000E+00,+630.090E-03,+663.662E-03
-2.870000E+00,-1.236744E+00,+2.011652E+00
-2.865000E+00,-274.432E-03,+1.883511E+00
-2.860000E+00,-181.467E-03,+1.711401E+00
-2.855000E+00,-10.613E-03,+1.757883E+00
-2.850000E+00,+9.487E-03,+1.633511E+00
-2.845000E+00,+115.015E-03,+1.432506E+00
-2.840000E+00,-148.804E-03,+1.551853E+00
-2.835000E+00,-91.015E-03,+1.622205E+00
-2.830000E+00,-143.779E-03,+1.632255E+00
-2.825000E+00,-153.829E-03,+1.573210E+00
-2.820000E+00,-183.980E-03,+1.570697E+00
-2.815000E+00,-28.201E-03,+1.585773E+00
-2.810000E+00,+253.206E-03,+1.251602E+00
-2.805000E+00,-251.819E-03,+1.677481E+00
-2.800000E+00,-143.779E-03,+1.653612E+00
-2.795000E+00,+12.000E-03,+1.622205E+00
-2.790000E+00,+42.151E-03,+1.573210E+00
-2.785000E+00,-91.015E-03,+1.633511E+00
-2.780000E+00,-28.201E-03,+1.613411E+00
-2.775000E+00,+12.000E-03,+1.573210E+00
-2.770000E+00,-70.915E-03,+1.593310E+00
-2.765000E+00,-28.201E-03,+1.521702E+00
-2.760000E+00,-23.176E-03,+1.435019E+00
-2.755000E+00,-211.618E-03,+1.633511E+00
-2.750000E+00,-68.402E-03,+1.590798E+00
-2.745000E+00,-15.638E-03,+1.545572E+00
-2.740000E+00,+9.487E-03,+1.512908E+00
-2.735000E+00,-229.206E-03,+1.713913E+00
-2.730000E+00,+167.779E-03,+1.535521E+00
-2.725000E+00,-43.276E-03,+1.421200E+00
-2.720000E+00,-28.201E-03,+1.657381E+00
-2.715000E+00,+27.075E-03,+1.501602E+00
-2.710000E+00,-70.915E-03,+1.512908E+00
-2.705000E+00,-108.603E-03,+1.602104E+00
-2.700000E+00,-28.201E-03,+1.613411E+00
-2.695000E+00,-28.201E-03,+1.485270E+00
-2.690000E+00,-470.412E-03,+1.811903E+00
-2.685000E+00,+12.000E-03,+1.590798E+00
-2.680000E+00,-23.176E-03,+1.593310E+00
-2.675000E+00,-60.864E-03,+1.622205E+00
-2.670000E+00,-148.804E-03,+1.716426E+00
-2.665000E+00,+92.402E-03,+1.396074E+00
-2.660000E+00,-475.437E-03,+1.837029E+00
-2.655000E+00,+12.000E-03,+1.565672E+00
-2.650000E+00,-70.915E-03,+1.553109E+00
-2.645000E+00,-3.075E-03,+1.545572E+00
-2.640000E+00,-108.603E-03,+1.575722E+00
-2.635000E+00,-108.603E-03,+1.593310E+00
-2.630000E+00,-68.402E-03,+1.613411E+00
-2.625000E+00,-50.814E-03,+1.633511E+00
-2.620000E+00,-68.402E-03,+1.693813E+00
-2.615000E+00,+27.075E-03,+1.593310E+00
-2.610000E+00,+47.176E-03,+1.495320E+00
-2.605000E+00,-68.402E-03,+1.432506E+00
-2.600000E+00,-219.156E-03,+1.432506E+00
-2.595000E+00,-10.613E-03,+1.432506E+00
-2.590000E+00,-151.317E-03,+1.612155E+00
-2.585000E+00,-68.402E-03,+1.582004E+00
-2.580000E+00,-30.714E-03,+1.593310E+00
-2.575000E+00,-20.663E-03,+1.622205E+00
-2.570000E+00,+92.402E-03,+1.414918E+00
-2.565000E+00,-158.854E-03,+1.461401E+00
-2.560000E+00,-229.206E-03,+1.816929E+00
-2.555000E+00,+67.276E-03,+1.657381E+00
-2.550000E+00,+59.739E-03,+1.472707E+00
-2.545000E+00,-43.276E-03,+1.525471E+00
-2.540000E+00,-108.603E-03,+1.551853E+00
-2.535000E+00,-83.477E-03,+1.505371E+00
-2.530000E+00,-148.804E-03,+1.656124E+00
-2.525000E+00,+12.000E-03,+1.646074E+00
-2.520000E+00,-30.714E-03,+1.555622E+00
-2.515000E+00,-28.201E-03,+1.465170E+00
-2.510000E+00,-148.804E-03,+1.553109E+00
-2.505000E+00,-91.015E-03,+1.533009E+00
-2.500000E+00,-63.377E-03,+1.593310E+00
-2.495000E+00,-3.075E-03,+1.593310E+00
-2.490000E+00,-28.201E-03,+1.632255E+00
-2.485000E+00,-28.201E-03,+1.541803E+00
-2.480000E+00,-103.578E-03,+1.754114E+00
-2.475000E+00,-43.276E-03,+1.832004E+00
-2.470000E+00,+165.266E-03,+1.819441E+00
-2.465000E+00,+991.899E-03,+1.034265E+00
-2.460000E+00,-352.322E-03,+1.354617E+00
-2.455000E+00,-1.194030E+00,+2.073210E+00
-2.450000E+00,+326.070E-03,+1.578235E+00
-2.445000E+00,+172.804E-03,+1.231501E+00
-2.440000E+00,+54.714E-03,+990.295E-03
-2.435000E+00,-309.608E-03,+1.211401E+00
-2.430000E+00,-189.005E-03,+1.394818E+00
-2.425000E+00,-171.417E-03,+1.737783E+00
-2.420000E+00,+92.402E-03,+1.535521E+00
-2.415000E+00,-480.462E-03,+1.860898E+00
-2.410000E+00,+52.201E-03,+1.734014E+00
-2.405000E+00,+12.000E-03,+1.814416E+00
-2.400000E+00,+44.663E-03,+1.679994E+00
-2.395000E+00,+263.256E-03,+1.240295E+00
-2.390000E+00,-937.749E-03,+2.040547E+00
-2.385000E+00,+147.678E-03,+1.751602E+00
-2.380000E+00,-103.578E-03,+1.751602E+00
-2.375000E+00,+137.628E-03,+1.492808E+00
-2.370000E+00,-103.578E-03,+1.551853E+00
-2.365000E+00,-148.804E-03,+1.541803E+00
-2.360000E+00,-224.181E-03,+1.751602E+00
-2.355000E+00,+107.477E-03,+1.533009E+00
-2.350000E+00,-33.226E-03,+1.495320E+00
-2.345000E+00,-101.065E-03,+1.521702E+00
-2.340000E+00,-108.603E-03,+1.553109E+00
-2.335000E+00,-83.477E-03,+1.521702E+00
-2.330000E+00,-70.915E-03,+1.595823E+00
-2.325000E+00,-68.402E-03,+1.662406E+00
-2.320000E+00,-28.201E-03,+1.653612E+00
-2.315000E+00,-3.075E-03,+1.582004E+00
-2.310000E+00,+52.201E-03,+1.492808E+00
-2.305000E+00,-108.603E-03,+1.533009E+00
-2.300000E+00,-68.402E-03,+1.515421E+00
-2.295000E+00,-43.276E-03,+1.512908E+00
-2.290000E+00,-68.402E-03,+1.575722E+00
-2.285000E+00,-10.613E-03,+1.565672E+00
-2.280000E+00,-30.714E-03,+1.573210E+00
-2.275000E+00,-68.402E-03,+1.553109E+00
-2.270000E+00,-103.578E-03,+1.590798E+00
-2.265000E+00,-131.216E-03,+1.754114E+00
-2.260000E+00,+94.915E-03,+1.535521E+00
-2.255000E+00,-68.402E-03,+1.541803E+00
-2.250000E+00,-28.201E-03,+1.472707E+00
-2.245000E+00,-10.613E-03,+1.461401E+00
-2.240000E+00,-264.382E-03,+1.814416E+00
-2.235000E+00,+6.975E-03,+1.633511E+00
-2.230000E+00,+12.000E-03,+1.553109E+00
-2.225000E+00,-3.075E-03,+1.492808E+00
-2.220000E+00,-143.779E-03,+1.471451E+00
-2.215000E+00,-211.618E-03,+1.633511E+00
-2.210000E+00,-28.201E-03,+1.652356E+00
-2.205000E+00,+67.276E-03,+1.545572E+00
-2.200000E+00,-70.915E-03,+1.612155E+00
-2.195000E+00,+67.276E-03,+1.505371E+00
-2.190000E+00,-103.578E-03,+1.492808E+00
-2.185000E+00,-284.482E-03,+1.794315E+00
-2.180000E+00,+12.000E-03,+1.672456E+00
-2.175000E+00,+12.000E-03,+1.666175E+00
-2.170000E+00,-68.402E-03,+1.615923E+00
-2.165000E+00,+52.201E-03,+1.485270E+00
-2.160000E+00,-30.714E-03,+1.492808E+00
-2.155000E+00,-91.015E-03,+1.512908E+00
-2.150000E+00,-103.578E-03,+1.490295E+00
-2.145000E+00,-43.276E-03,+1.533009E+00
-2.140000E+00,-68.402E-03,+1.573210E+00
-2.135000E+00,-68.402E-03,+1.605873E+00
-2.130000E+00,-63.377E-03,+1.653612E+00
-2.125000E+00,+27.075E-03,+1.613411E+00
-2.120000E+00,-30.714E-03,+1.615923E+00
-2.115000E+00,-10.613E-03,+1.593310E+00
-2.110000E+00,+12.000E-03,+1.595823E+00
-2.105000E+00,-10.613E-03,+1.476476E+00
-2.100000E+00,-183.980E-03,+1.550597E+00
-2.095000E+00,-28.201E-03,+1.533009E+00
-2.090000E+00,+12.000E-03,+1.432506E+00
-2.085000E+00,-148.804E-03,+1.545572E+00
-2.080000E+00,-108.603E-03,+1.653612E+00
-2.075000E+00,+84.864E-03,+1.553109E+00
-2.070000E+00,-28.201E-03,+1.531753E+00
-2.065000E+00,-83.477E-03,+1.622205E+00
-2.060000E+00,+9.487E-03,+1.573210E+00
-2.055000E+00,-33.226E-03,+1.717682E+00
-2.050000E+00,-60.864E-03,+1.569441E+00
-2.045000E+00,+481.849E-03,+838.285E-03
-2.040000E+00,-515.638E-03,+1.776727E+00
-2.035000E+00,+12.000E-03,+1.389793E+00
-2.030000E+00,-236.744E-03,+2.020446E+00
-2.025000E+00,+522.050E-03,+1.251602E+00
-2.020000E+00,-189.005E-03,+1.595823E+00
-2.015000E+00,-872.422E-03,+2.240295E+00
-2.010000E+00,+406.472E-03,+1.520446E+00
-2.005000E+00,-20.663E-03,+1.208888E+00
-2.000000E+00,-470.412E-03,+1.747833E+00
-1.995000E+00,+67.276E-03,+1.499089E+00
-1.990000E+00,-872.422E-03,+2.492808E+00
-1.985000E+00,+494.412E-03,+1.697582E+00
-1.980000E+00,-254.332E-03,+1.683763E+00
-1.975000E+00,+187.879E-03,+1.798084E+00
-1.970000E+00,+295.920E-03,+1.215170E+00
-1.965000E+00,-108.603E-03,+1.110898E+00
-1.960000E+00,-309.608E-03,+1.389793E+00
-1.955000E+00,-153.829E-03,+1.472707E+00
-1.950000E+00,-148.804E-03,+1.571954E+00
-1.945000E+00,-68.402E-03,+1.713913E+00
-1.940000E+00,+12.000E-03,+1.732758E+00
-1.935000E+00,-3.075E-03,+1.706376E+00
-1.930000E+00,+17.025E-03,+1.516677E+00
-1.925000E+00,-43.276E-03,+1.492808E+00
-1.920000E+00,-148.804E-03,+1.573210E+00
-1.915000E+00,-50.814E-03,+1.585773E+00
-1.910000E+00,+47.176E-03,+1.432506E+00
-1.905000E+00,-108.603E-03,+1.441300E+00
-1.900000E+00,-189.005E-03,+1.652356E+00
-1.895000E+00,-123.678E-03,+1.814416E+00
-1.890000E+00,+87.377E-03,+1.636024E+00
-1.885000E+00,+74.814E-03,+1.324466E+00
-1.880000E+00,-108.603E-03,+1.412406E+00
-1.875000E+00,-148.804E-03,+1.512908E+00
-1.870000E+00,-70.915E-03,+1.533009E+00
-1.865000E+00,-10.613E-03,+1.553109E+00
-1.860000E+00,+14.513E-03,+1.553109E+00
-1.855000E+00,-68.402E-03,+1.561903E+00
-1.850000E+00,-143.779E-03,+1.593310E+00
-1.845000E+00,-43.276E-03,+1.722707E+00
-1.840000E+00,+52.201E-03,+1.595823E+00
-1.835000E+00,-43.276E-03,+1.533009E+00
-1.830000E+00,-63.377E-03,+1.555622E+00
-1.825000E+00,-43.276E-03,+1.590798E+00
-1.820000E+00,-111.116E-03,+1.652356E+00
-1.815000E+00,-10.613E-03,+1.593310E+00
-1.810000E+00,-28.201E-03,+1.555622E+00
-1.805000E+00,-83.477E-03,+1.573210E+00
-1.800000E+00,-68.402E-03,+1.573210E+00
-1.795000E+00,-20.663E-03,+1.573210E+00
-1.790000E+00,-23.176E-03,+1.533009E+00
-1.785000E+00,-68.402E-03,+1.512908E+00
-1.780000E+00,-30.714E-03,+1.495320E+00
-1.775000E+00,-148.804E-03,+1.602104E+00
-1.770000E+00,-108.603E-03,+1.636024E+00
-1.765000E+00,-10.613E-03,+1.642305E+00
-1.760000E+00,+12.000E-03,+1.636024E+00
-1.755000E+00,-68.402E-03,+1.653612E+00
-1.750000E+00,-101.065E-03,+1.593310E+00
-1.745000E+00,-10.613E-03,+1.582004E+00
-1.740000E+00,-70.915E-03,+1.555622E+00
-1.735000E+00,-108.603E-03,+1.561903E+00
-1.730000E+00,-30.714E-03,+1.575722E+00
-1.725000E+00,-284.482E-03,+2.033009E+00
-1.720000E+00,+341.146E-03,+1.153612E+00
-1.715000E+00,-163.879E-03,+1.151099E+00
-1.710000E+00,-384.985E-03,+1.550597E+00
-1.705000E+00,-251.819E-03,+1.854617E+00
-1.700000E+00,+280.844E-03,+1.600848E+00
-1.695000E+00,+195.417E-03,+1.326979E+00
-1.690000E+00,-191.518E-03,+1.734014E+00
-1.685000E+00,+316.020E-03,+1.217682E+00
-1.680000E+00,-500.563E-03,+1.765421E+00
-1.675000E+00,-28.201E-03,+1.783009E+00
-1.670000E+00,+361.246E-03,+1.666175E+00
-1.665000E+00,+356.221E-03,+1.074466E+00
-1.660000E+00,-274.432E-03,+1.656124E+00
-1.655000E+00,-60.864E-03,+1.458888E+00
-1.650000E+00,-111.116E-03,+1.636024E+00
-1.645000E+00,-68.402E-03,+1.726476E+00
-1.640000E+00,-23.176E-03,+1.593310E+00
-1.635000E+00,-50.814E-03,+1.512908E+00
-1.630000E+00,-148.804E-03,+1.593310E+00
-1.625000E+00,+34.613E-03,+1.505371E+00
-1.620000E+00,-148.804E-03,+1.556878E+00
-1.615000E+00,-204.080E-03,+1.499089E+00
-1.610000E+00,-113.628E-03,+1.776727E+00
-1.605000E+00,+34.613E-03,+1.593310E+00
-1.600000E+00,+47.176E-03,+1.450094E+00
-1.595000E+00,+57.226E-03,+1.458888E+00
-1.590000E+00,+92.402E-03,+1.191300E+00
-1.585000E+00,-395.035E-03,+1.887280E+00
-1.580000E+00,+52.201E-03,+1.692557E+00
-1.575000E+00,+52.201E-03,+1.507883E+00
-1.570000E+00,-221.668E-03,+1.487783E+00
-1.565000E+00,-68.402E-03,+1.605873E+00
-1.560000E+00,+9.487E-03,+1.613411E+00
-1.555000E+00,-43.276E-03,+1.590798E+00
-1.550000E+00,-229.206E-03,+1.734014E+00
-1.545000E+00,-83.477E-03,+1.814416E+00
-1.540000E+00,-28.201E-03,+1.898587E+00
-1.535000E+00,+57.226E-03,+1.662406E+00
-1.530000E+00,+167.779E-03,+1.716426E+00
-1.525000E+00,+378.834E-03,+889.793E-03
-1.520000E+00,-558.352E-03,+1.658637E+00
-1.515000E+00,-50.814E-03,+1.472707E+00
-1.510000E+00,-28.201E-03,+1.414918E+00
-1.505000E+00,-131.216E-03,+1.452607E+00
-1.500000E+00,-108.603E-03,+1.455119E+00
-1.495000E+00,-28.201E-03,+1.481501E+00
-1.490000E+00,-103.578E-03,+1.533009E+00
-1.485000E+00,-108.603E-03,+1.613411E+00
-1.480000E+00,-30.714E-03,+1.693813E+00
-1.475000E+00,-28.201E-03,+1.762908E+00
-1.470000E+00,-108.603E-03,+1.892305E+00
-1.465000E+00,+172.804E-03,+1.553109E+00
-1.460000E+00,+180.342E-03,+1.207632E+00
-1.455000E+00,-123.678E-03,+1.421200E+00
-1.450000E+00,-116.141E-03,+1.740295E+00
-1.445000E+00,+172.804E-03,+1.304366E+00
-1.440000E+00,-189.005E-03,+1.492808E+00
-1.435000E+00,-131.216E-03,+1.505371E+00
-1.430000E+00,-68.402E-03,+1.612155E+00
-1.425000E+00,+34.613E-03,+1.573210E+00
-1.420000E+00,-23.176E-03,+1.592054E+00
-1.415000E+00,-68.402E-03,+1.734014E+00
-1.410000E+00,+135.116E-03,+1.452607E+00
-1.405000E+00,-171.417E-03,+1.602104E+00
-1.400000E+00,-103.578E-03,+1.573210E+00
-1.395000E+00,+52.201E-03,+1.465170E+00
-1.390000E+00,-23.176E-03,+1.311903E+00
-1.385000E+00,-123.678E-03,+1.412406E+00
-1.380000E+00,-111.116E-03,+1.533009E+00
-1.375000E+00,-83.477E-03,+1.713913E+00
-1.370000E+00,-63.377E-03,+1.696325E+00
-1.365000E+00,+92.402E-03,+1.633511E+00
-1.360000E+00,+42.151E-03,+1.741552E+00
-1.355000E+00,+137.628E-03,+1.059391E+00
-1.350000E+00,-807.095E-03,+1.791803E+00
-1.345000E+00,+373.809E-03,+1.940044E+00
-1.340000E+00,+142.653E-03,+1.406124E+00
-1.335000E+00,-681.467E-03,+2.266677E+00
-1.330000E+00,+931.598E-03,+996.577E-03
-1.325000E+00,+263.256E-03,+628.486E-03
-1.320000E+00,-1.585990E+00,+2.823210E+00
-1.315000E+00,+785.869E-03,+1.661150E+00
-1.310000E+00,+499.437E-03,+889.793E-03
-1.305000E+00,-935.236E-03,+2.130999E+00
-1.300000E+00,-103.578E-03,+2.075722E+00
-1.295000E+00,+843.658E-03,+628.486E-03
-1.290000E+00,-583.477E-03,+1.363411E+00
-1.285000E+00,+436.623E-03,+1.706376E+00
-1.280000E+00,+456.724E-03,+1.421200E+00
-1.275000E+00,+534.613E-03,+855.873E-03
-1.270000E+00,-890.010E-03,+2.340798E+00
-1.265000E+00,+419.035E-03,+1.707632E+00
-1.260000E+00,-103.578E-03,+1.394818E+00
-1.255000E+00,-349.809E-03,+1.231501E+00
-1.250000E+00,-432.724E-03,+1.652356E+00
-1.245000E+00,-10.613E-03,+1.666175E+00
-1.240000E+00,+52.201E-03,+1.535521E+00
-1.235000E+00,-73.427E-03,+1.573210E+00
-1.230000E+00,+14.513E-03,+1.531753E+00
-1.225000E+00,-78.452E-03,+1.588285E+00
-1.220000E+00,+42.151E-03,+1.603361E+00
-1.215000E+00,+125.065E-03,+1.203863E+00
-1.210000E+00,-754.332E-03,+2.231501E+00
-1.205000E+00,+275.819E-03,+1.476476E+00
-1.200000E+00,-349.809E-03,+1.790547E+00
-1.195000E+00,+132.603E-03,+1.637280E+00
-1.190000E+00,-101.065E-03,+1.568185E+00
-1.185000E+00,-28.201E-03,+1.516677E+00
-1.180000E+00,-28.201E-03,+1.452607E+00
-1.175000E+00,-211.618E-03,+1.814416E+00
-1.170000E+00,+298.432E-03,+1.211401E+00
-1.165000E+00,+730.593E-03,+720.195E-03
-1.160000E+00,-1.161367E+00,+2.558135E+00
-1.155000E+00,+120.040E-03,+1.774215E+00
-1.150000E+00,+132.603E-03,+1.535521E+00
-1.145000E+00,-50.814E-03,+1.536778E+00
-1.140000E+00,-63.377E-03,+1.392305E+00
-1.135000E+00,-324.683E-03,+1.630999E+00
-1.130000E+00,+165.266E-03,+1.519190E+00
-1.125000E+00,-153.829E-03,+1.424969E+00
-1.120000E+00,-460.362E-03,+1.824466E+00
-1.115000E+00,-73.427E-03,+1.674969E+00
-1.110000E+00,+14.513E-03,+1.713913E+00
-1.105000E+00,+52.201E-03,+1.666175E+00
-1.100000E+00,+87.377E-03,+1.515421E+00
-1.095000E+00,-43.276E-03,+1.512908E+00
-1.090000E+00,-148.804E-03,+1.592054E+00
-1.085000E+00,-204.080E-03,+1.691300E+00
-1.080000E+00,+12.000E-03,+1.656124E+00
-1.075000E+00,+155.216E-03,+1.324466E+00
-1.070000E+00,-317.146E-03,+1.593310E+00
-1.065000E+00,-10.613E-03,+1.300597E+00
-1.060000E+00,-980.462E-03,+2.147331E+00
-1.055000E+00,+107.477E-03,+1.465170E+00
-1.050000E+00,+162.754E-03,+1.641049E+00
-1.045000E+00,+187.879E-03,+1.432506E+00
-1.040000E+00,-189.005E-03,+1.613411E+00
-1.035000E+00,-234.231E-03,+1.874717E+00
-1.030000E+00,+175.317E-03,+1.486526E+00
-1.025000E+00,-28.201E-03,+1.823210E+00
-1.020000E+00,+22.050E-03,+1.588285E+00
-1.015000E+00,+255.719E-03,+1.017934E+00
-1.010000E+00,-224.181E-03,+1.311903E+00
-1.005000E+00,-189.005E-03,+1.347079E+00
-1.000000E+00,-153.829E-03,+1.676225E+00
-995.000E-03,-10.613E-03,+1.605873E+00
-990.000E-03,-20.663E-03,+1.431250E+00
-985.000E-03,+84.864E-03,+1.617180E+00
-980.000E-03,+17.025E-03,+1.446325E+00
-975.000E-03,+39.638E-03,+1.585773E+00
-970.000E-03,-103.578E-03,+1.633511E+00
-965.000E-03,-20.663E-03,+1.610898E+00
-960.000E-03,-63.377E-03,+1.613411E+00
-955.000E-03,-163.879E-03,+1.642305E+00
-950.000E-03,-221.668E-03,+1.690044E+00
-945.000E-03,+27.075E-03,+1.633511E+00
-940.000E-03,+52.201E-03,+1.533009E+00
-935.000E-03,-68.402E-03,+1.512908E+00
-930.000E-03,-68.402E-03,+1.551853E+00
-925.000E-03,-194.030E-03,+1.867180E+00
-920.000E-03,+175.317E-03,+1.414918E+00
-915.000E-03,-131.216E-03,+1.666175E+00
-910.000E-03,+19.538E-03,+1.467682E+00
-905.000E-03,+34.613E-03,+1.450094E+00
-900.000E-03,-148.804E-03,+1.691300E+00
-895.000E-03,+147.678E-03,+1.396074E+00
-890.000E-03,-224.181E-03,+1.470195E+00
-885.000E-03,-814.633E-03,+1.978989E+00
-880.000E-03,-141.266E-03,+1.692557E+00
-875.000E-03,+132.603E-03,+1.516677E+00
-870.000E-03,-108.603E-03,+1.595823E+00
-865.000E-03,-3.075E-03,+1.556878E+00
-860.000E-03,-264.382E-03,+1.912406E+00
-855.000E-03,+464.261E-03,+1.123461E+00
-850.000E-03,-121.166E-03,+1.702607E+00
-845.000E-03,-211.618E-03,+1.762908E+00
-840.000E-03,+132.603E-03,+1.291803E+00
-835.000E-03,-1.289508E+00,+2.280496E+00
-830.000E-03,+235.618E-03,+1.676225E+00
-825.000E-03,+74.814E-03,+1.585773E+00
-820.000E-03,-60.864E-03,+1.553109E+00
-815.000E-03,-68.402E-03,+1.553109E+00
-810.000E-03,-28.201E-03,+1.535521E+00
-805.000E-03,-131.216E-03,+1.553109E+00
-800.000E-03,-103.578E-03,+1.573210E+00
-795.000E-03,+52.201E-03,+1.505371E+00
-790.000E-03,-108.603E-03,+1.575722E+00
-785.000E-03,-68.402E-03,+1.553109E+00
-780.000E-03,-63.377E-03,+1.535521E+00
-775.000E-03,-50.814E-03,+1.573210E+00
-770.000E-03,-68.402E-03,+1.571954E+00
-765.000E-03,+12.000E-03,+1.501602E+00
-760.000E-03,+9.487E-03,+1.573210E+00
-755.000E-03,-83.477E-03,+1.593310E+00
-750.000E-03,-30.714E-03,+1.613411E+00
-745.000E-03,+34.613E-03,+1.573210E+00
-740.000E-03,-28.201E-03,+1.495320E+00
-735.000E-03,-123.678E-03,+1.561903E+00
-730.000E-03,-68.402E-03,+1.571954E+00
-725.000E-03,-68.402E-03,+1.565672E+00
-720.000E-03,-68.402E-03,+1.555622E+00
-715.000E-03,+34.613E-03,+1.505371E+00
-710.000E-03,-63.377E-03,+1.471451E+00
-705.000E-03,-309.608E-03,+1.791803E+00
-700.000E-03,-30.714E-03,+1.772959E+00
-695.000E-03,+107.477E-03,+1.653612E+00
-690.000E-03,+14.513E-03,+1.531753E+00
-685.000E-03,-148.804E-03,+1.541803E+00
-680.000E-03,+6.975E-03,+1.533009E+00
-675.000E-03,-171.417E-03,+1.625974E+00
-670.000E-03,-28.201E-03,+1.512908E+00
-665.000E-03,+17.025E-03,+1.421200E+00
-660.000E-03,-68.402E-03,+1.432506E+00
-655.000E-03,-91.015E-03,+1.461401E+00
-650.000E-03,-108.603E-03,+1.535521E+00
-645.000E-03,+6.975E-03,+1.622205E+00
-640.000E-03,-73.427E-03,+1.653612E+00
-635.000E-03,-68.402E-03,+1.702607E+00
-630.000E-03,+12.000E-03,+1.716426E+00
-625.000E-03,+469.286E-03,+1.146074E+00
-620.000E-03,-432.724E-03,+1.878486E+00
-615.000E-03,+253.206E-03,+1.311903E+00
-610.000E-03,-503.075E-03,+2.094567E+00
-605.000E-03,+373.809E-03,+1.588285E+00
-600.000E-03,+4.462E-03,+1.402356E+00
-595.000E-03,-550.814E-03,+1.783009E+00
-590.000E-03,+446.673E-03,+978.989E-03
-585.000E-03,-1.113628E+00,+2.386024E+00
-580.000E-03,+416.523E-03,+1.457632E+00
-575.000E-03,-28.201E-03,+1.445069E+00
-570.000E-03,+255.719E-03,+913.662E-03
-565.000E-03,-284.482E-03,+1.056878E+00
-560.000E-03,-349.809E-03,+1.530496E+00
-555.000E-03,-108.603E-03,+1.754114E+00
-550.000E-03,+92.402E-03,+1.673712E+00
-545.000E-03,-123.678E-03,+1.688788E+00
-540.000E-03,+17.025E-03,+1.549341E+00
-535.000E-03,-176.442E-03,+1.826979E+00
-530.000E-03,+87.377E-03,+1.697582E+00
-525.000E-03,-148.804E-03,+1.783009E+00
-520.000E-03,-23.176E-03,+1.676225E+00
-515.000E-03,-68.402E-03,+1.677481E+00
-510.000E-03,-23.176E-03,+1.592054E+00
-505.000E-03,-68.402E-03,+1.521702E+00
-500.000E-03,-101.065E-03,+1.566929E+00
-495.000E-03,-28.201E-03,+1.573210E+00
-490.000E-03,-63.377E-03,+1.531753E+00
-485.000E-03,-91.015E-03,+1.533009E+00
-480.000E-03,-28.201E-03,+1.553109E+00
-475.000E-03,-68.402E-03,+1.585773E+00
-470.000E-03,-68.402E-03,+1.593310E+00
-465.000E-03,-10.613E-03,+1.565672E+00
-460.000E-03,+54.714E-03,+1.392305E+00
-455.000E-03,-204.080E-03,+1.565672E+00
-450.000E-03,-111.116E-03,+1.672456E+00
-445.000E-03,+12.000E-03,+1.625974E+00
-440.000E-03,-23.176E-03,+1.593310E+00
-435.000E-03,-3.075E-03,+1.445069E+00
-430.000E-03,-103.578E-03,+1.432506E+00
-425.000E-03,-229.206E-03,+1.622205E+00
-420.000E-03,-111.116E-03,+1.734014E+00
-415.000E-03,+74.814E-03,+1.633511E+00
-410.000E-03,+12.000E-03,+1.713913E+00
-405.000E-03,-43.276E-03,+1.706376E+00
-400.000E-03,+12.000E-03,+1.613411E+00
-395.000E-03,+52.201E-03,+1.553109E+00
-390.000E-03,-68.402E-03,+1.492808E+00
-385.000E-03,-163.879E-03,+1.602104E+00
-380.000E-03,+12.000E-03,+1.436275E+00
-375.000E-03,-43.276E-03,+1.401099E+00
-370.000E-03,-141.266E-03,+1.429994E+00
-365.000E-03,-83.477E-03,+1.441300E+00
-360.000E-03,-75.940E-03,+1.411150E+00
-355.000E-03,-251.819E-03,+1.693813E+00
-350.000E-03,+47.176E-03,+1.673712E+00
-345.000E-03,-15.638E-03,+1.693813E+00
-340.000E-03,+12.000E-03,+1.595823E+00
-335.000E-03,-33.226E-03,+1.512908E+00
-330.000E-03,-63.377E-03,+1.550597E+00
-325.000E-03,-113.628E-03,+1.713913E+00
-320.000E-03,-63.377E-03,+1.713913E+00
-315.000E-03,-10.613E-03,+1.766677E+00
-310.000E-03,+132.603E-03,+1.476476E+00
-305.000E-03,-108.603E-03,+1.492808E+00
-300.000E-03,-28.201E-03,+1.412406E+00
-295.000E-03,-60.864E-03,+1.533009E+00
-290.000E-03,-70.915E-03,+1.593310E+00
-285.000E-03,+34.613E-03,+1.465170E+00
-280.000E-03,-35.739E-03,+1.490295E+00
-275.000E-03,-113.628E-03,+1.625974E+00
-270.000E-03,-108.603E-03,+1.595823E+00
-265.000E-03,+12.000E-03,+1.613411E+00
-260.000E-03,-23.176E-03,+1.613411E+00
-255.000E-03,-68.402E-03,+1.653612E+00
-250.000E-03,+52.201E-03,+1.533009E+00
-245.000E-03,+17.025E-03,+1.541803E+00
-240.000E-03,-103.578E-03,+1.553109E+00
-235.000E-03,-244.281E-03,+1.573210E+00
-230.000E-03,-23.176E-03,+1.533009E+00
-225.000E-03,-68.402E-03,+1.533009E+00
-220.000E-03,-63.377E-03,+1.491552E+00
-215.000E-03,-83.477E-03,+1.550597E+00
-210.000E-03,-68.402E-03,+1.653612E+00
-205.000E-03,-3.075E-03,+1.585773E+00
-200.000E-03,-28.201E-03,+1.613411E+00
-195.000E-03,+97.427E-03,+1.512908E+00
-190.000E-03,-111.116E-03,+1.553109E+00
-185.000E-03,+1.950E-03,+1.492808E+00
-180.000E-03,-63.377E-03,+1.512908E+00
-175.000E-03,-91.015E-03,+1.541803E+00
-170.000E-03,-68.402E-03,+1.553109E+00
-165.000E-03,-28.201E-03,+1.561903E+00
-160.000E-03,-23.176E-03,+1.533009E+00
-155.000E-03,-68.402E-03,+1.512908E+00
-150.000E-03,-68.402E-03,+1.573210E+00
-145.000E-03,-28.201E-03,+1.602104E+00
-140.000E-03,-68.402E-03,+1.633511E+00
-135.000E-03,-28.201E-03,+1.613411E+00
-130.000E-03,+9.487E-03,+1.613411E+00
-125.000E-03,-50.814E-03,+1.633511E+00
-120.000E-03,-70.915E-03,+1.653612E+00
-115.000E-03,+27.075E-03,+1.585773E+00
-110.000E-03,-23.176E-03,+1.491552E+00
-105.000E-03,-118.653E-03,+1.639793E+00
-100.000E-03,-141.266E-03,+1.690044E+00
-95.000E-03,+205.467E-03,+1.380999E+00
-90.000E-03,-231.719E-03,+1.476476E+00
-85.000E-03,-1.025688E+00,+2.226476E+00
-80.000E-03,+285.869E-03,+1.922456E+00
-75.000E-03,+172.804E-03,+1.706376E+00
-70.000E-03,-53.327E-03,+1.443813E+00
-65.000E-03,+388.884E-03,+1.114667E+00
-60.000E-03,-663.879E-03,+1.809391E+00
-55.000E-03,-349.809E-03,+2.035521E+00
-50.000E-03,+326.070E-03,+1.598336E+00
-45.000E-03,+258.231E-03,+1.119692E+00
-40.000E-03,-229.206E-03,+1.310647E+00
-35.000E-03,-251.819E-03,+1.521702E+00
-30.000E-03,-68.402E-03,+1.535521E+00
-25.000E-03,-3.075E-03,+1.481501E+00
-20.000E-03,-108.603E-03,+1.571954E+00
-15.000E-03,-50.814E-03,+1.673712E+00
-10.000E-03,-35.739E-03,+1.713913E+00
-5.000E-03,+172.804E-03,+1.364667E+00
-0.0E+00,-108.603E-03,+1.452607E+00
+5.000E-03,-163.879E-03,+1.561903E+00
+10.000E-03,-151.317E-03,+1.754114E+00
+15.000E-03,-3.075E-03,+1.734014E+00
+20.000E-03,+52.201E-03,+1.653612E+00
+25.000E-03,-28.201E-03,+1.593310E+00
+30.000E-03,-63.377E-03,+1.573210E+00
+35.000E-03,-28.201E-03,+1.533009E+00
+40.000E-03,-20.663E-03,+1.495320E+00
+45.000E-03,-123.678E-03,+1.553109E+00
+50.000E-03,-28.201E-03,+1.475220E+00
+55.000E-03,-28.201E-03,+1.521702E+00
+60.000E-03,-68.402E-03,+1.533009E+00
+65.000E-03,-108.603E-03,+1.573210E+00
+70.000E-03,-28.201E-03,+1.613411E+00
+75.000E-03,-68.402E-03,+1.673712E+00
+80.000E-03,-30.714E-03,+1.613411E+00
+85.000E-03,+12.000E-03,+1.525471E+00
+90.000E-03,-28.201E-03,+1.475220E+00
+95.000E-03,-131.216E-03,+1.525471E+00
+100.000E-03,-68.402E-03,+1.533009E+00
+105.000E-03,-15.638E-03,+1.561903E+00
+110.000E-03,-68.402E-03,+1.571954E+00
+115.000E-03,-28.201E-03,+1.553109E+00
+120.000E-03,-68.402E-03,+1.612155E+00
+125.000E-03,-148.804E-03,+1.673712E+00
+130.000E-03,-23.176E-03,+1.593310E+00
+135.000E-03,-43.276E-03,+1.613411E+00
+140.000E-03,-63.377E-03,+1.553109E+00
+145.000E-03,-131.216E-03,+1.682506E+00
+150.000E-03,+9.487E-03,+1.653612E+00
+155.000E-03,+12.000E-03,+1.642305E+00
+160.000E-03,-28.201E-03,+1.617180E+00
+165.000E-03,+52.201E-03,+1.432506E+00
+170.000E-03,+12.000E-03,+1.291803E+00
+175.000E-03,-108.603E-03,+1.271702E+00
+180.000E-03,-231.719E-03,+1.432506E+00
+185.000E-03,-148.804E-03,+1.622205E+00
+190.000E-03,-68.402E-03,+1.754114E+00
+195.000E-03,-50.814E-03,+1.754114E+00
+200.000E-03,+17.025E-03,+1.693813E+00
+205.000E-03,-3.075E-03,+1.706376E+00
+210.000E-03,-28.201E-03,+1.676225E+00
+215.000E-03,-83.477E-03,+1.622205E+00
+220.000E-03,-344.784E-03,+2.033009E+00
+225.000E-03,+147.678E-03,+1.593310E+00
+230.000E-03,+97.427E-03,+1.329491E+00
+235.000E-03,-163.879E-03,+1.573210E+00
+240.000E-03,-68.402E-03,+1.571954E+00
+245.000E-03,-91.015E-03,+1.573210E+00
+250.000E-03,-68.402E-03,+1.571954E+00
+255.000E-03,-28.201E-03,+1.573210E+00
+260.000E-03,-68.402E-03,+1.573210E+00
+265.000E-03,-68.402E-03,+1.593310E+00
+270.000E-03,+6.975E-03,+1.571954E+00
+275.000E-03,-50.814E-03,+1.573210E+00
+280.000E-03,-68.402E-03,+1.573210E+00
+285.000E-03,-28.201E-03,+1.573210E+00
+290.000E-03,-28.201E-03,+1.571954E+00
+295.000E-03,-83.477E-03,+1.573210E+00
+300.000E-03,-28.201E-03,+1.573210E+00
+305.000E-03,-10.613E-03,+1.561903E+00
+310.000E-03,-68.402E-03,+1.573210E+00
+315.000E-03,-50.814E-03,+1.565672E+00
+320.000E-03,-30.714E-03,+1.573210E+00
+325.000E-03,-28.201E-03,+1.573210E+00
+330.000E-03,-70.915E-03,+1.555622E+00
+335.000E-03,-43.276E-03,+1.561903E+00
+340.000E-03,-30.714E-03,+1.571954E+00
+345.000E-03,-68.402E-03,+1.553109E+00
+350.000E-03,-68.402E-03,+1.575722E+00
+355.000E-03,-28.201E-03,+1.573210E+00
+360.000E-03,-68.402E-03,+1.555622E+00
+365.000E-03,-68.402E-03,+1.561903E+00
+370.000E-03,-28.201E-03,+1.573210E+00
+375.000E-03,-68.402E-03,+1.573210E+00
+380.000E-03,-68.402E-03,+1.573210E+00
+385.000E-03,-28.201E-03,+1.573210E+00
+390.000E-03,-63.377E-03,+1.571954E+00
+395.000E-03,-68.402E-03,+1.573210E+00
+400.000E-03,-30.714E-03,+1.573210E+00
+405.000E-03,-28.201E-03,+1.561903E+00
+410.000E-03,-68.402E-03,+1.573210E+00
+415.000E-03,-73.427E-03,+1.565672E+00
+420.000E-03,-28.201E-03,+1.573210E+00
+425.000E-03,-68.402E-03,+1.573210E+00
+430.000E-03,-68.402E-03,+1.573210E+00
+435.000E-03,-10.613E-03,+1.573210E+00
+440.000E-03,-28.201E-03,+1.573210E+00
+445.000E-03,-83.477E-03,+1.585773E+00
+450.000E-03,-63.377E-03,+1.573210E+00
+455.000E-03,-28.201E-03,+1.573210E+00
+460.000E-03,-68.402E-03,+1.555622E+00
+465.000E-03,-68.402E-03,+1.561903E+00
+470.000E-03,-30.714E-03,+1.571954E+00
+475.000E-03,-28.201E-03,+1.570697E+00
+480.000E-03,-103.578E-03,+1.573210E+00
+485.000E-03,-28.201E-03,+1.573210E+00
+490.000E-03,-28.201E-03,+1.573210E+00
+495.000E-03,-83.477E-03,+1.561903E+00
+500.000E-03,-68.402E-03,+1.573210E+00
+505.000E-03,-50.814E-03,+1.573210E+00
+510.000E-03,-103.578E-03,+1.573210E+00
+515.000E-03,-68.402E-03,+1.573210E+00
+520.000E-03,-63.377E-03,+1.573210E+00
+525.000E-03,-43.276E-03,+1.573210E+00
+530.000E-03,-178.955E-03,+1.573210E+00
+535.000E-03,-43.276E-03,+1.585773E+00
+540.000E-03,-70.915E-03,+1.555622E+00
+545.000E-03,-101.065E-03,+1.565672E+00
+550.000E-03,-63.377E-03,+1.573210E+00
+555.000E-03,+57.226E-03,+1.582004E+00
+560.000E-03,-70.915E-03,+1.592054E+00
+565.000E-03,-68.402E-03,+1.561903E+00
+570.000E-03,-63.377E-03,+1.573210E+00
+575.000E-03,-68.402E-03,+1.582004E+00
+580.000E-03,-70.915E-03,+1.555622E+00
+585.000E-03,-28.201E-03,+1.573210E+00
+590.000E-03,-63.377E-03,+1.573210E+00
+595.000E-03,-68.402E-03,+1.585773E+00
+600.000E-03,-68.402E-03,+1.573210E+00
+605.000E-03,-28.201E-03,+1.561903E+00
+610.000E-03,-68.402E-03,+1.573210E+00
+615.000E-03,-68.402E-03,+1.553109E+00
+620.000E-03,-28.201E-03,+1.573210E+00
+625.000E-03,-28.201E-03,+1.573210E+00
+630.000E-03,-103.578E-03,+1.555622E+00
+635.000E-03,-28.201E-03,+1.561903E+00
+640.000E-03,-63.377E-03,+1.573210E+00
+645.000E-03,-91.015E-03,+1.573210E+00
+650.000E-03,-28.201E-03,+1.571954E+00
+655.000E-03,-28.201E-03,+1.576979E+00
+660.000E-03,-108.603E-03,+1.573210E+00
+665.000E-03,-68.402E-03,+1.561903E+00
+670.000E-03,-28.201E-03,+1.573210E+00
+675.000E-03,-83.477E-03,+1.585773E+00
+680.000E-03,-63.377E-03,+1.573210E+00
+685.000E-03,-50.814E-03,+1.573210E+00
+690.000E-03,-28.201E-03,+1.573210E+00
+695.000E-03,-68.402E-03,+1.573210E+00
+700.000E-03,-30.714E-03,+1.573210E+00
+705.000E-03,-28.201E-03,+1.582004E+00
+710.000E-03,-68.402E-03,+1.592054E+00
+715.000E-03,-3.075E-03,+1.573210E+00
+720.000E-03,-28.201E-03,+1.573210E+00
+725.000E-03,-68.402E-03,+1.573210E+00
+730.000E-03,-70.915E-03,+1.555622E+00
+735.000E-03,-28.201E-03,+1.573210E+00
+740.000E-03,-28.201E-03,+1.555622E+00
+745.000E-03,-28.201E-03,+1.561903E+00
+750.000E-03,-68.402E-03,+1.573210E+00
+755.000E-03,-10.613E-03,+1.573210E+00
+760.000E-03,-68.402E-03,+1.573210E+00
+765.000E-03,-68.402E-03,+1.573210E+00
+770.000E-03,+6.975E-03,+1.573210E+00
+775.000E-03,-68.402E-03,+1.573210E+00
+780.000E-03,-70.915E-03,+1.573210E+00
+785.000E-03,-28.201E-03,+1.573210E+00
+790.000E-03,-30.714E-03,+1.573210E+00
+795.000E-03,-68.402E-03,+1.573210E+00
+800.000E-03,-28.201E-03,+1.573210E+00
+805.000E-03,-28.201E-03,+1.565672E+00
+810.000E-03,-68.402E-03,+1.575722E+00
+815.000E-03,-68.402E-03,+1.582004E+00
+820.000E-03,-28.201E-03,+1.573210E+00
+825.000E-03,-68.402E-03,+1.573210E+00
+830.000E-03,-68.402E-03,+1.575722E+00
+835.000E-03,-33.226E-03,+1.565672E+00
+840.000E-03,-63.377E-03,+1.573210E+00
+845.000E-03,-113.628E-03,+1.573210E+00
+850.000E-03,-68.402E-03,+1.573210E+00
+855.000E-03,-3.075E-03,+1.585773E+00
+860.000E-03,-68.402E-03,+1.573210E+00
+865.000E-03,-68.402E-03,+1.573210E+00
+870.000E-03,-28.201E-03,+1.573210E+00
+875.000E-03,-68.402E-03,+1.573210E+00
+880.000E-03,-103.578E-03,+1.571954E+00
+885.000E-03,-10.613E-03,+1.573210E+00
+890.000E-03,-70.915E-03,+1.555622E+00
+895.000E-03,-20.663E-03,+1.573210E+00
+900.000E-03,+9.487E-03,+1.573210E+00
+905.000E-03,-50.814E-03,+1.573210E+00
+910.000E-03,-70.915E-03,+1.573210E+00
+915.000E-03,-68.402E-03,+1.573210E+00
+920.000E-03,-63.377E-03,+1.573210E+00
+925.000E-03,-50.814E-03,+1.573210E+00
+930.000E-03,-68.402E-03,+1.571954E+00
+935.000E-03,-28.201E-03,+1.573210E+00
+940.000E-03,+426.573E-03,+1.914918E+00
+945.000E-03,-460.362E-03,+1.315672E+00
+950.000E-03,+180.342E-03,+1.921200E+00
+955.000E-03,-276.945E-03,+1.235270E+00
+960.000E-03,+255.719E-03,+1.806878E+00
+965.000E-03,-279.457E-03,+1.234014E+00
+970.000E-03,-269.407E-03,+1.573210E+00
+975.000E-03,-43.276E-03,+1.561903E+00
+980.000E-03,-68.402E-03,+1.573210E+00
+985.000E-03,+12.000E-03,+1.573210E+00
+990.000E-03,-28.201E-03,+1.592054E+00
+995.000E-03,-83.477E-03,+1.573210E+00
+1.000000E+00,-28.201E-03,+1.573210E+00
+1.005000E+00,-28.201E-03,+1.573210E+00
+1.010000E+00,-68.402E-03,+1.555622E+00
+1.015000E+00,-20.663E-03,+1.573210E+00
+1.020000E+00,-28.201E-03,+1.573210E+00
+1.025000E+00,-68.402E-03,+1.573210E+00
+1.030000E+00,-108.603E-03,+1.575722E+00
+1.035000E+00,-28.201E-03,+1.573210E+00
+1.040000E+00,-23.176E-03,+1.573210E+00
+1.045000E+00,-83.477E-03,+1.565672E+00
+1.050000E+00,-63.377E-03,+1.573210E+00
+1.055000E+00,-50.814E-03,+1.573210E+00
+1.060000E+00,-68.402E-03,+1.573210E+00
+1.065000E+00,-50.814E-03,+1.573210E+00
+1.070000E+00,+9.487E-03,+1.573210E+00
+1.075000E+00,-43.276E-03,+1.573210E+00
+1.080000E+00,-103.578E-03,+1.573210E+00
+1.085000E+00,-28.201E-03,+1.593310E+00
+1.090000E+00,-28.201E-03,+1.555622E+00
+1.095000E+00,-68.402E-03,+1.573210E+00
+1.100000E+00,-30.714E-03,+1.573210E+00
+1.105000E+00,-60.864E-03,+1.585773E+00
+1.110000E+00,-103.578E-03,+1.573210E+00
+1.115000E+00,-113.628E-03,+1.573210E+00
+1.120000E+00,-28.201E-03,+1.573210E+00
+1.125000E+00,-68.402E-03,+1.573210E+00
+1.130000E+00,-108.603E-03,+1.555622E+00
+1.135000E+00,-43.276E-03,+1.561903E+00
+1.140000E+00,-28.201E-03,+1.573210E+00
+1.145000E+00,-83.477E-03,+1.573210E+00
+1.150000E+00,-68.402E-03,+1.573210E+00
+1.155000E+00,-3.075E-03,+1.573210E+00
+1.160000E+00,-33.226E-03,+1.573210E+00
+1.165000E+00,-43.276E-03,+1.561903E+00
+1.170000E+00,-28.201E-03,+1.573210E+00
+1.175000E+00,-68.402E-03,+1.573210E+00
+1.180000E+00,-141.266E-03,+1.555622E+00
+1.185000E+00,-28.201E-03,+1.573210E+00
+1.190000E+00,-30.714E-03,+1.571954E+00
+1.195000E+00,-91.015E-03,+1.573210E+00
+1.200000E+00,-30.714E-03,+1.573210E+00
+1.205000E+00,-28.201E-03,+1.573210E+00
+1.210000E+00,-70.915E-03,+1.573210E+00
+1.215000E+00,-50.814E-03,+1.573210E+00
+1.220000E+00,-28.201E-03,+1.555622E+00
+1.225000E+00,-43.276E-03,+1.573210E+00
+1.230000E+00,-70.915E-03,+1.573210E+00
+1.235000E+00,-28.201E-03,+1.573210E+00
+1.240000E+00,-68.402E-03,+1.555622E+00
+1.245000E+00,-68.402E-03,+1.573210E+00
+1.250000E+00,-30.714E-03,+1.573210E+00
+1.255000E+00,-28.201E-03,+1.573210E+00
+1.260000E+00,-68.402E-03,+1.555622E+00
+1.265000E+00,-68.402E-03,+1.573210E+00
+1.270000E+00,-30.714E-03,+1.573210E+00
+1.275000E+00,-68.402E-03,+1.573210E+00
+1.280000E+00,-68.402E-03,+1.573210E+00
+1.285000E+00,-3.075E-03,+1.573210E+00
+1.290000E+00,-30.714E-03,+1.573210E+00
+1.295000E+00,-131.216E-03,+1.561903E+00
+1.300000E+00,-63.377E-03,+1.573210E+00
+1.305000E+00,-28.201E-03,+1.582004E+00
+1.310000E+00,-70.915E-03,+1.573210E+00
+1.315000E+00,-43.276E-03,+1.573210E+00
+1.320000E+00,-28.201E-03,+1.573210E+00
+1.325000E+00,-68.402E-03,+1.573210E+00
+1.330000E+00,-70.915E-03,+1.573210E+00
+1.335000E+00,-28.201E-03,+1.573210E+00
+1.340000E+00,-30.714E-03,+1.573210E+00
+1.345000E+00,-68.402E-03,+1.585773E+00
+1.350000E+00,-63.377E-03,+1.573210E+00
+1.355000E+00,-28.201E-03,+1.573210E+00
+1.360000E+00,-68.402E-03,+1.573210E+00
+1.365000E+00,-68.402E-03,+1.573210E+00
+1.370000E+00,-28.201E-03,+1.573210E+00
+1.375000E+00,-68.402E-03,+1.573210E+00
+1.380000E+00,-70.915E-03,+1.573210E+00
+1.385000E+00,-3.075E-03,+1.573210E+00
+1.390000E+00,-30.714E-03,+1.573210E+00
+1.395000E+00,-108.603E-03,+1.565672E+00
+1.400000E+00,-28.201E-03,+1.573210E+00
+1.405000E+00,-60.864E-03,+1.561903E+00
+1.410000E+00,-68.402E-03,+1.553109E+00
+1.415000E+00,-68.402E-03,+1.573210E+00
+1.420000E+00,-23.176E-03,+1.573210E+00
+1.425000E+00,-68.402E-03,+1.573210E+00
+1.430000E+00,-70.915E-03,+1.571954E+00
+1.435000E+00,-50.814E-03,+1.573210E+00
+1.440000E+00,-23.176E-03,+1.573210E+00
+1.445000E+00,-73.427E-03,+1.573210E+00
+1.450000E+00,-28.201E-03,+1.573210E+00
+1.455000E+00,-28.201E-03,+1.561903E+00
+1.460000E+00,-70.915E-03,+1.573210E+00
+1.465000E+00,-68.402E-03,+1.582004E+00
+1.470000E+00,+9.487E-03,+1.573210E+00
+1.475000E+00,-43.276E-03,+1.573210E+00
+1.480000E+00,-108.603E-03,+1.573210E+00
+1.485000E+00,-28.201E-03,+1.582004E+00
+1.490000E+00,-30.714E-03,+1.555622E+00
+1.495000E+00,-83.477E-03,+1.561903E+00
+1.500000E+00,-68.402E-03,+1.573210E+00
+1.505000E+00,-28.201E-03,+1.573210E+00
+1.510000E+00,-68.402E-03,+1.555622E+00
+1.515000E+00,-68.402E-03,+1.565672E+00
+1.520000E+00,-28.201E-03,+1.573210E+00
+1.525000E+00,-68.402E-03,+1.561903E+00
+1.530000E+00,-108.603E-03,+1.555622E+00
+1.535000E+00,-28.201E-03,+1.573210E+00
+1.540000E+00,+44.663E-03,+1.571954E+00
+1.545000E+00,-68.402E-03,+1.573210E+00
+1.550000E+00,-28.201E-03,+1.573210E+00
+1.555000E+00,+12.000E-03,+1.585773E+00
+1.560000E+00,-68.402E-03,+1.573210E+00
+1.565000E+00,-68.402E-03,+1.573210E+00
+1.570000E+00,-30.714E-03,+1.553109E+00
+1.575000E+00,-50.814E-03,+1.573210E+00
+1.580000E+00,-68.402E-03,+1.573210E+00
+1.585000E+00,-28.201E-03,+1.565672E+00
+1.590000E+00,-68.402E-03,+1.573210E+00
+1.595000E+00,-123.678E-03,+1.573210E+00
+1.600000E+00,-28.201E-03,+1.573210E+00
+1.605000E+00,-50.814E-03,+1.573210E+00
+1.610000E+00,-68.402E-03,+1.571954E+00
+1.615000E+00,-43.276E-03,+1.553109E+00
+1.620000E+00,-23.176E-03,+1.573210E+00
+1.625000E+00,-83.477E-03,+1.565672E+00
+1.630000E+00,-30.714E-03,+1.573210E+00
+1.635000E+00,-50.814E-03,+1.573210E+00
+1.640000E+00,-68.402E-03,+1.555622E+00
+1.645000E+00,-73.427E-03,+1.573210E+00
+1.650000E+00,-30.714E-03,+1.571954E+00
+1.655000E+00,-3.075E-03,+1.573210E+00
+1.660000E+00,-68.402E-03,+1.573210E+00
+1.665000E+00,-68.402E-03,+1.573210E+00
+1.670000E+00,-63.377E-03,+1.573210E+00
+1.675000E+00,-43.276E-03,+1.565672E+00
+1.680000E+00,-70.915E-03,+1.573210E+00
+1.685000E+00,-10.613E-03,+1.561903E+00
+1.690000E+00,-33.226E-03,+1.573210E+00
+1.695000E+00,-83.477E-03,+1.573210E+00
+1.700000E+00,-28.201E-03,+1.573210E+00
+1.705000E+00,-28.201E-03,+1.573210E+00
+1.710000E+00,-68.402E-03,+1.555622E+00
+1.715000E+00,-43.276E-03,+1.561903E+00
+1.720000E+00,-28.201E-03,+1.573210E+00
+1.725000E+00,-43.276E-03,+1.582004E+00
+1.730000E+00,-103.578E-03,+1.573210E+00
+1.735000E+00,-50.814E-03,+1.573210E+00
+1.740000E+00,-626.191E-03,+2.350848E+00
+1.745000E+00,-297.045E-03,+2.940044E+00
+1.750000E+00,+529.588E-03,+2.422456E+00
+1.755000E+00,+1.017025E+00,+967.682E-03
+1.760000E+00,+62.251E-03,+628.486E-03
+1.765000E+00,-1.347296E+00,+1.669944E+00
+1.770000E+00,-724.181E-03,+2.922456E+00
+1.775000E+00,+1.268281E+00,+1.164918E+00
+1.780000E+00,+67.276E-03,+628.486E-03
+1.785000E+00,-1.560864E+00,+2.794315E+00
+1.790000E+00,+1.012000E+00,+1.377230E+00
+1.795000E+00,-15.638E-03,+761.652E-03
+1.800000E+00,-1.091015E+00,+2.865923E+00
+1.805000E+00,+1.567276E+00,+628.486E-03
+1.810000E+00,-1.749307E+00,+2.749089E+00
+1.815000E+00,+1.509487E+00,+674.969E-03
+1.820000E+00,-1.583477E+00,+2.568185E+00
+1.825000E+00,+1.567276E+00,+628.486E-03
+1.830000E+00,-1.902573E+00,+2.867180E+00
+1.835000E+00,+1.567276E+00,+628.486E-03
+1.840000E+00,-1.168905E+00,+2.749089E+00
+1.845000E+00,-63.377E-03,+1.225220E+00
+1.850000E+00,+1.238131E+00,+805.622E-03
+1.855000E+00,-1.681467E+00,+2.914918E+00
+1.860000E+00,+82.352E-03,+1.227733E+00
+1.865000E+00,+1.517025E+00,+628.486E-03
+1.870000E+00,-781.970E-03,+2.339542E+00
+1.875000E+00,-1.563377E+00,+2.642305E+00
+1.880000E+00,+459.236E-03,+986.527E-03
+1.885000E+00,+1.740643E+00,+628.486E-03
+1.890000E+00,+921.548E-03,+892.305E-03
+1.895000E+00,-694.030E-03,+2.138537E+00
+1.900000E+00,-1.573427E+00,+2.808135E+00
+1.905000E+00,-1.726693E+00,+2.872205E+00
+1.910000E+00,-1.244281E+00,+2.396074E+00
+1.915000E+00,-761.869E-03,+2.092054E+00
+1.920000E+00,-1.020663E+00,+2.360898E+00
+1.925000E+00,-588.503E-03,+1.978989E+00
+1.930000E+00,-905.085E-03,+2.301853E+00
+1.935000E+00,-1.289508E+00,+2.574466E+00
+1.940000E+00,-1.653829E+00,+2.853361E+00
+1.945000E+00,-1.807095E+00,+2.882255E+00
+1.950000E+00,-1.302070E+00,+2.582004E+00
+1.955000E+00,+494.412E-03,+1.082004E+00
+1.960000E+00,+1.429085E+00,+628.486E-03
+1.965000E+00,+1.280844E+00,+795.572E-03
+1.970000E+00,-1.402573E+00,+2.750346E+00
+1.975000E+00,-1.616141E+00,+2.668687E+00
+1.980000E+00,+1.022050E+00,+677.481E-03
+1.985000E+00,+1.202955E+00,+795.572E-03
+1.990000E+00,-1.633729E+00,+2.873461E+00
+1.995000E+00,+125.065E-03,+1.289290E+00
+2.000000E+00,+986.874E-03,+1.043059E+00
+2.005000E+00,-1.691518E+00,+2.877230E+00
+2.010000E+00,+1.398935E+00,+628.486E-03
+2.015000E+00,-988.000E-03,+2.551853E+00
+2.020000E+00,+200.442E-03,+981.501E-03
+2.025000E+00,-211.618E-03,+1.933763E+00
+2.030000E+00,-141.266E-03,+1.186275E+00
+2.035000E+00,-641.266E-03,+2.362155E+00
+2.040000E+00,+1.268281E+00,+658.637E-03
+2.045000E+00,-1.535739E+00,+2.832004E+00
+2.050000E+00,+1.642653E+00,+628.486E-03
+2.055000E+00,-829.709E-03,+1.869692E+00
+2.060000E+00,-653.829E-03,+2.457632E+00
+2.065000E+00,+1.675317E+00,+628.486E-03
+2.070000E+00,-854.834E-03,+1.791803E+00
+2.075000E+00,-1.161367E+00,+2.679994E+00
+2.080000E+00,+1.386372E+00,+760.396E-03
+2.085000E+00,+692.905E-03,+810.647E-03
+2.090000E+00,-892.523E-03,+1.639793E+00
+2.095000E+00,-1.636241E+00,+2.800597E+00
+2.100000E+00,-653.829E-03,+2.367180E+00
+2.105000E+00,+615.015E-03,+1.609642E+00
+2.110000E+00,+1.692905E+00,+628.486E-03
+2.115000E+00,+1.408985E+00,+892.305E-03
+2.120000E+00,+1.258231E+00,+659.893E-03
+2.125000E+00,+1.177829E+00,+628.486E-03
+2.130000E+00,+695.417E-03,+692.557E-03
+2.135000E+00,+831.095E-03,+720.195E-03
+2.140000E+00,+1.082352E+00,+664.918E-03
+2.145000E+00,+934.111E-03,+628.486E-03
+2.150000E+00,+1.760744E+00,+628.486E-03
+2.155000E+00,+1.112503E+00,+1.256627E+00
+2.160000E+00,+785.869E-03,+1.383511E+00
+2.165000E+00,-1.299558E+00,+2.883511E+00
+2.170000E+00,-1.480462E+00,+2.267934E+00
+2.175000E+00,+439.136E-03,+867.180E-03
+2.180000E+00,+1.524563E+00,+762.908E-03
+2.185000E+00,+615.015E-03,+1.756627E+00
+2.190000E+00,-1.681467E+00,+2.590798E+00
+2.195000E+00,-211.618E-03,+1.262908E+00
+2.200000E+00,+1.499437E+00,+854.617E-03
+2.205000E+00,-1.455337E+00,+2.852104E+00
+2.210000E+00,-10.613E-03,+737.783E-03
+2.215000E+00,+517.025E-03,+1.661150E+00
+2.220000E+00,-1.520663E+00,+2.222707E+00
+2.225000E+00,+1.466774E+00,+980.245E-03
+2.230000E+00,-1.842271E+00,+2.486526E+00
+2.235000E+00,-3.075E-03,+1.561903E+00
+2.240000E+00,-63.377E-03,+1.573210E+00
+2.245000E+00,-68.402E-03,+1.565672E+00
+2.250000E+00,-28.201E-03,+1.573210E+00
+2.255000E+00,-28.201E-03,+1.573210E+00
+2.260000E+00,-30.714E-03,+1.573210E+00
+2.265000E+00,-20.663E-03,+1.565672E+00
+2.270000E+00,-28.201E-03,+1.573210E+00
+2.275000E+00,-68.402E-03,+1.573210E+00
+2.280000E+00,-68.402E-03,+1.573210E+00
+2.285000E+00,-43.276E-03,+1.573210E+00
+2.290000E+00,-63.377E-03,+1.573210E+00
+2.295000E+00,-108.603E-03,+1.573210E+00
+2.300000E+00,-28.201E-03,+1.573210E+00
+2.305000E+00,-10.613E-03,+1.573210E+00
+2.310000E+00,-103.578E-03,+1.573210E+00
+2.315000E+00,-91.015E-03,+1.573210E+00
+2.320000E+00,-28.201E-03,+1.573210E+00
+2.325000E+00,-43.276E-03,+1.585773E+00
+2.330000E+00,-103.578E-03,+1.573210E+00
+2.335000E+00,-43.276E-03,+1.573210E+00
+2.340000E+00,-63.377E-03,+1.555622E+00
+2.345000E+00,-101.065E-03,+1.573210E+00
+2.350000E+00,-28.201E-03,+1.573210E+00
+2.355000E+00,-60.864E-03,+1.573210E+00
+2.360000E+00,-68.402E-03,+1.573210E+00
+2.365000E+00,-50.814E-03,+1.573210E+00
+2.370000E+00,-28.201E-03,+1.555622E+00
+2.375000E+00,-68.402E-03,+1.573210E+00
+2.380000E+00,-68.402E-03,+1.573210E+00
+2.385000E+00,-60.864E-03,+1.565672E+00
+2.390000E+00,-68.402E-03,+1.573210E+00
+2.395000E+00,-83.477E-03,+1.565672E+00
+2.400000E+00,-63.377E-03,+1.573210E+00
+2.405000E+00,-28.201E-03,+1.573210E+00
+2.410000E+00,-68.402E-03,+1.555622E+00
+2.415000E+00,-50.814E-03,+1.585773E+00
+2.420000E+00,-28.201E-03,+1.573210E+00
+2.425000E+00,-68.402E-03,+1.573210E+00
+2.430000E+00,-35.739E-03,+1.571954E+00
+2.435000E+00,-28.201E-03,+1.573210E+00
+2.440000E+00,-68.402E-03,+1.573210E+00
+2.445000E+00,-91.015E-03,+1.561903E+00
+2.450000E+00,-28.201E-03,+1.573210E+00
+2.455000E+00,-28.201E-03,+1.565672E+00
+2.460000E+00,-68.402E-03,+1.571954E+00
+2.465000E+00,-113.628E-03,+1.573210E+00
+2.470000E+00,-28.201E-03,+1.573210E+00
+2.475000E+00,-68.402E-03,+1.573210E+00
+2.480000E+00,-103.578E-03,+1.573210E+00
+2.485000E+00,-28.201E-03,+1.573210E+00
+2.490000E+00,-20.663E-03,+1.573210E+00
+2.495000E+00,-68.402E-03,+1.573210E+00
+2.500000E+00,-28.201E-03,+1.553109E+00
+2.505000E+00,+22.050E-03,+1.573210E+00
+2.510000E+00,-70.915E-03,+1.573210E+00
+2.515000E+00,-83.477E-03,+1.565672E+00
+2.520000E+00,-28.201E-03,+1.555622E+00
+2.525000E+00,-68.402E-03,+1.573210E+00
+2.530000E+00,-68.402E-03,+1.573210E+00
+2.535000E+00,-28.201E-03,+1.573210E+00
+2.540000E+00,-68.402E-03,+1.573210E+00
+2.545000E+00,-83.477E-03,+1.585773E+00
+2.550000E+00,-28.201E-03,+1.573210E+00
+2.555000E+00,-3.075E-03,+1.585773E+00
+2.560000E+00,-103.578E-03,+1.573210E+00
+2.565000E+00,-68.402E-03,+1.573210E+00
+2.570000E+00,-63.377E-03,+1.573210E+00
+2.575000E+00,-68.402E-03,+1.573210E+00
+2.580000E+00,-68.402E-03,+1.592054E+00
+2.585000E+00,-73.427E-03,+1.573210E+00
+2.590000E+00,-63.377E-03,+1.555622E+00
+2.595000E+00,-113.628E-03,+1.561903E+00
+2.600000E+00,-28.201E-03,+1.573210E+00
+2.605000E+00,-28.201E-03,+1.573210E+00
+2.610000E+00,-68.402E-03,+1.573210E+00
+2.615000E+00,-68.402E-03,+1.561903E+00
+2.620000E+00,-28.201E-03,+1.573210E+00
+2.625000E+00,-68.402E-03,+1.573210E+00
+2.630000E+00,-103.578E-03,+1.575722E+00
+2.635000E+00,+12.000E-03,+1.573210E+00
+2.640000E+00,-63.377E-03,+1.573210E+00
+2.645000E+00,-83.477E-03,+1.570697E+00
+2.650000E+00,-28.201E-03,+1.573210E+00
+2.655000E+00,-68.402E-03,+1.573210E+00
+2.660000E+00,-68.402E-03,+1.573210E+00
+2.665000E+00,-68.402E-03,+1.573210E+00
+2.670000E+00,-28.201E-03,+1.573210E+00
+2.675000E+00,-68.402E-03,+1.573210E+00
+2.680000E+00,+6.975E-03,+1.571954E+00
+2.685000E+00,-28.201E-03,+1.573210E+00
+2.690000E+00,-63.377E-03,+1.573210E+00
+2.695000E+00,-91.015E-03,+1.573210E+00
+2.700000E+00,-28.201E-03,+1.573210E+00
+2.705000E+00,-10.613E-03,+1.573210E+00
+2.710000E+00,-103.578E-03,+1.571954E+00
+2.715000E+00,-113.628E-03,+1.573210E+00
+2.720000E+00,-23.176E-03,+1.573210E+00
+2.725000E+00,-68.402E-03,+1.573210E+00
+2.730000E+00,-68.402E-03,+1.555622E+00
+2.735000E+00,-28.201E-03,+1.561903E+00
+2.740000E+00,+9.487E-03,+1.492808E+00
+2.745000E+00,-60.864E-03,+1.424969E+00
+2.750000E+00,-113.628E-03,+1.533009E+00
+2.755000E+00,-91.015E-03,+1.673712E+00
+2.760000E+00,-68.402E-03,+1.713913E+00
+2.765000E+00,-68.402E-03,+1.742808E+00
+2.770000E+00,+127.578E-03,+1.615923E+00
+2.775000E+00,-68.402E-03,+1.673712E+00
+2.780000E+00,-111.116E-03,+1.612155E+00
+2.785000E+00,+12.000E-03,+1.593310E+00
+2.790000E+00,-30.714E-03,+1.595823E+00
+2.795000E+00,-68.402E-03,+1.585773E+00
+2.800000E+00,+14.513E-03,+1.475220E+00
+2.805000E+00,-43.276E-03,+1.472707E+00
+2.810000E+00,-108.603E-03,+1.472707E+00
+2.815000E+00,-123.678E-03,+1.553109E+00
+2.820000E+00,-28.201E-03,+1.551853E+00
+2.825000E+00,-68.402E-03,+1.533009E+00
+2.830000E+00,-70.915E-03,+1.533009E+00
+2.835000E+00,-68.402E-03,+1.561903E+00
+2.840000E+00,-28.201E-03,+1.592054E+00
+2.845000E+00,-176.442E-03,+1.625974E+00
+2.850000E+00,-23.176E-03,+1.612155E+00
+2.855000E+00,-28.201E-03,+1.582004E+00
+2.860000E+00,-30.714E-03,+1.573210E+00
+2.865000E+00,-50.814E-03,+1.593310E+00
+2.870000E+00,-23.176E-03,+1.593310E+00
+2.875000E+00,-28.201E-03,+1.573210E+00
+2.880000E+00,-103.578E-03,+1.613411E+00
+2.885000E+00,-292.020E-03,+1.914918E+00
+2.890000E+00,+87.377E-03,+1.796828E+00
+2.895000E+00,+321.045E-03,+1.063160E+00
+2.900000E+00,-475.437E-03,+1.771702E+00
+2.905000E+00,,
+2.910000E+00,,
+2.915000E+00,,
+2.920000E+00,,
+2.925000E+00,,
+2.930000E+00,,
+2.935000E+00,,
+2.940000E+00,,
+2.945000E+00,,
+2.950000E+00,,
+2.955000E+00,,
+2.960000E+00,,
+2.965000E+00,,
+2.970000E+00,,
+2.975000E+00,,
+2.980000E+00,,
+2.985000E+00,,
+2.990000E+00,,
+2.995000E+00,,
+3.000000E+00,,
+3.005000E+00,,
+3.010000E+00,,
+3.015000E+00,,
+3.020000E+00,,
+3.025000E+00,,
+3.030000E+00,,
+3.035000E+00,,
+3.040000E+00,,
+3.045000E+00,,
+3.050000E+00,,
+3.055000E+00,,
+3.060000E+00,,
+3.065000E+00,,
+3.070000E+00,,
+3.075000E+00,,
+3.080000E+00,,
+3.085000E+00,,
+3.090000E+00,,
+3.095000E+00,,
+3.100000E+00,,
+3.105000E+00,,
+3.110000E+00,,
+3.115000E+00,,
+3.120000E+00,,
+3.125000E+00,,
+3.130000E+00,,
+3.135000E+00,,
+3.140000E+00,,
+3.145000E+00,,
+3.150000E+00,,
+3.155000E+00,,
+3.160000E+00,,
+3.165000E+00,,
+3.170000E+00,,
+3.175000E+00,,
+3.180000E+00,,
+3.185000E+00,,
+3.190000E+00,,
+3.195000E+00,,
+3.200000E+00,,
+3.205000E+00,,
+3.210000E+00,,
+3.215000E+00,,
+3.220000E+00,,
+3.225000E+00,,
+3.230000E+00,,
+3.235000E+00,,
+3.240000E+00,,
+3.245000E+00,,
+3.250000E+00,,
+3.255000E+00,,
+3.260000E+00,,
+3.265000E+00,,
+3.270000E+00,,
+3.275000E+00,,
+3.280000E+00,,
+3.285000E+00,,
+3.290000E+00,,
+3.295000E+00,,
+3.300000E+00,,
+3.305000E+00,,
+3.310000E+00,,
+3.315000E+00,,
+3.320000E+00,,
+3.325000E+00,,
+3.330000E+00,,
+3.335000E+00,,
+3.340000E+00,,
+3.345000E+00,,
+3.350000E+00,,
+3.355000E+00,,
+3.360000E+00,,
+3.365000E+00,,
+3.370000E+00,,
+3.375000E+00,,
+3.380000E+00,,
+3.385000E+00,,
+3.390000E+00,,
+3.395000E+00,,
+3.400000E+00,,
+3.405000E+00,,
+3.410000E+00,,
+3.415000E+00,,
+3.420000E+00,,
+3.425000E+00,,
+3.430000E+00,,
+3.435000E+00,,
+3.440000E+00,,
+3.445000E+00,,
+3.450000E+00,,
+3.455000E+00,,
+3.460000E+00,,
+3.465000E+00,,
+3.470000E+00,,
+3.475000E+00,,
+3.480000E+00,,
+3.485000E+00,,
+3.490000E+00,,
+3.495000E+00,,
+3.500000E+00,,
+3.505000E+00,,
+3.510000E+00,,
+3.515000E+00,,
+3.520000E+00,,
+3.525000E+00,,
+3.530000E+00,,
+3.535000E+00,,
+3.540000E+00,,
+3.545000E+00,,
+3.550000E+00,,
+3.555000E+00,,
+3.560000E+00,,
+3.565000E+00,,
+3.570000E+00,,
+3.575000E+00,,
+3.580000E+00,,
+3.585000E+00,,
+3.590000E+00,,
+3.595000E+00,,
+3.600000E+00,,
+3.605000E+00,,
+3.610000E+00,,
+3.615000E+00,,
+3.620000E+00,,
+3.625000E+00,,
+3.630000E+00,,
+3.635000E+00,,
+3.640000E+00,,
+3.645000E+00,,
+3.650000E+00,,
+3.655000E+00,,
+3.660000E+00,,
+3.665000E+00,,
+3.670000E+00,,
+3.675000E+00,,
+3.680000E+00,,
+3.685000E+00,,
+3.690000E+00,,
+3.695000E+00,,
+3.700000E+00,,
+3.705000E+00,,
+3.710000E+00,,
+3.715000E+00,,
+3.720000E+00,,
+3.725000E+00,,
+3.730000E+00,,
+3.735000E+00,,
+3.740000E+00,,
+3.745000E+00,,
+3.750000E+00,,
+3.755000E+00,,
+3.760000E+00,,
+3.765000E+00,,
+3.770000E+00,,
+3.775000E+00,,
+3.780000E+00,,
+3.785000E+00,,
+3.790000E+00,,
+3.795000E+00,,
+3.800000E+00,,
+3.805000E+00,,
+3.810000E+00,,
+3.815000E+00,,
+3.820000E+00,,
+3.825000E+00,,
+3.830000E+00,,
+3.835000E+00,,
+3.840000E+00,,
+3.845000E+00,,
+3.850000E+00,,
+3.855000E+00,,
+3.860000E+00,,
+3.865000E+00,,
+3.870000E+00,,
+3.875000E+00,,
+3.880000E+00,,
+3.885000E+00,,
+3.890000E+00,,
+3.895000E+00,,
+3.900000E+00,,
+3.905000E+00,,
+3.910000E+00,,
+3.915000E+00,,
+3.920000E+00,,
+3.925000E+00,,
+3.930000E+00,,
+3.935000E+00,,
+3.940000E+00,,
+3.945000E+00,,
+3.950000E+00,,
+3.955000E+00,,
+3.960000E+00,,
+3.965000E+00,,
+3.970000E+00,,
+3.975000E+00,,
+3.980000E+00,,
+3.985000E+00,,
+3.990000E+00,,
+3.995000E+00,,
+4.000000E+00,,
+4.005000E+00,,
+4.010000E+00,,
+4.015000E+00,,
+4.020000E+00,,
+4.025000E+00,,
+4.030000E+00,,
+4.035000E+00,,
+4.040000E+00,,
+4.045000E+00,,
+4.050000E+00,,
+4.055000E+00,,
+4.060000E+00,,
+4.065000E+00,,
+4.070000E+00,,
+4.075000E+00,,
+4.080000E+00,,
+4.085000E+00,,
+4.090000E+00,,
+4.095000E+00,,
+4.100000E+00,,
+4.105000E+00,,
+4.110000E+00,,
+4.115000E+00,,
+4.120000E+00,,
+4.125000E+00,,
+4.130000E+00,,
+4.135000E+00,,
+4.140000E+00,,
+4.145000E+00,,
+4.150000E+00,,
+4.155000E+00,,
+4.160000E+00,,
+4.165000E+00,,
+4.170000E+00,,
+4.175000E+00,,
+4.180000E+00,,
+4.185000E+00,,
+4.190000E+00,,
+4.195000E+00,,
+4.200000E+00,,
+4.205000E+00,,
+4.210000E+00,,
+4.215000E+00,,
+4.220000E+00,,
+4.225000E+00,,
+4.230000E+00,,
+4.235000E+00,,
+4.240000E+00,,
+4.245000E+00,,
+4.250000E+00,,
+4.255000E+00,,
+4.260000E+00,,
+4.265000E+00,,
+4.270000E+00,,
+4.275000E+00,,
+4.280000E+00,,
+4.285000E+00,,
+4.290000E+00,,
+4.295000E+00,,
+4.300000E+00,,
+4.305000E+00,,
+4.310000E+00,,
+4.315000E+00,,
+4.320000E+00,,
+4.325000E+00,,
+4.330000E+00,,
+4.335000E+00,,
+4.340000E+00,,
+4.345000E+00,,
+4.350000E+00,,
+4.355000E+00,,
+4.360000E+00,,
+4.365000E+00,,
+4.370000E+00,,
+4.375000E+00,,
+4.380000E+00,,
+4.385000E+00,,
+4.390000E+00,,
+4.395000E+00,,
+4.400000E+00,,
+4.405000E+00,,
+4.410000E+00,,
+4.415000E+00,,
+4.420000E+00,,
+4.425000E+00,,
+4.430000E+00,,
+4.435000E+00,,
+4.440000E+00,,
+4.445000E+00,,
+4.450000E+00,,
+4.455000E+00,,
+4.460000E+00,,
+4.465000E+00,,
+4.470000E+00,,
+4.475000E+00,,
+4.480000E+00,,
+4.485000E+00,,
+4.490000E+00,,
+4.495000E+00,,
+4.500000E+00,,
+4.505000E+00,,
+4.510000E+00,,
+4.515000E+00,,
+4.520000E+00,,
+4.525000E+00,,
+4.530000E+00,,
+4.535000E+00,,
+4.540000E+00,,
+4.545000E+00,,
+4.550000E+00,,
+4.555000E+00,,
+4.560000E+00,,
+4.565000E+00,,
+4.570000E+00,,
+4.575000E+00,,
+4.580000E+00,,
+4.585000E+00,,
+4.590000E+00,,
+4.595000E+00,,
+4.600000E+00,,
+4.605000E+00,,
+4.610000E+00,,
+4.615000E+00,,
+4.620000E+00,,
+4.625000E+00,,
+4.630000E+00,,
+4.635000E+00,,
+4.640000E+00,,
+4.645000E+00,,
+4.650000E+00,,
+4.655000E+00,,
+4.660000E+00,,
+4.665000E+00,,
+4.670000E+00,,
+4.675000E+00,,
+4.680000E+00,,
+4.685000E+00,,
+4.690000E+00,,
+4.695000E+00,,
+4.700000E+00,,
+4.705000E+00,,
+4.710000E+00,,
+4.715000E+00,,
+4.720000E+00,,
+4.725000E+00,,
+4.730000E+00,,
+4.735000E+00,,
+4.740000E+00,,
+4.745000E+00,,
+4.750000E+00,,
+4.755000E+00,,
+4.760000E+00,,
+4.765000E+00,,
+4.770000E+00,,
+4.775000E+00,,
+4.780000E+00,,
+4.785000E+00,,
+4.790000E+00,,
+4.795000E+00,,
+4.800000E+00,,
+4.805000E+00,,
+4.810000E+00,,
+4.815000E+00,,
+4.820000E+00,,
+4.825000E+00,,
+4.830000E+00,,
+4.835000E+00,,
+4.840000E+00,,
+4.845000E+00,,
+4.850000E+00,,
+4.855000E+00,,
+4.860000E+00,,
+4.865000E+00,,
+4.870000E+00,,
+4.875000E+00,,
+4.880000E+00,,
+4.885000E+00,,
+4.890000E+00,,
+4.895000E+00,,
+4.900000E+00,,
+4.905000E+00,,
+4.910000E+00,,
+4.915000E+00,,
+4.920000E+00,,
+4.925000E+00,,
+4.930000E+00,,
+4.935000E+00,,
+4.940000E+00,,
+4.945000E+00,,
+4.950000E+00,,
+4.955000E+00,,
+4.960000E+00,,
+4.965000E+00,,
+4.970000E+00,,
+4.975000E+00,,
+4.980000E+00,,
+4.985000E+00,,
+4.990000E+00,,
+4.995000E+00,,
+5.000000E+00,,
+5.005000E+00,,
+5.010000E+00,,
+5.015000E+00,,
